Event type, simulation id, user id, timestamp, value
USER LOGIN,3b21cce2-bb95-45f4-8f0b-8a4577099961,None,7,23
SYSTEM UTILIZATION,3b21cce2-bb95-45f4-8f0b-8a4577099961,None,7,10
USER WAIT,3b21cce2-bb95-45f4-8f0b-8a4577099961,1,7,0
SYSTEM UTILIZATION,3b21cce2-bb95-45f4-8f0b-8a4577099961,None,8.324820060116574,20
USER WAIT,3b21cce2-bb95-45f4-8f0b-8a4577099961,2,8.324820060116574,0.0
SYSTEM UTILIZATION,3b21cce2-bb95-45f4-8f0b-8a4577099961,None,9.51263407321012,30
USER WAIT,3b21cce2-bb95-45f4-8f0b-8a4577099961,3,9.51263407321012,0.0
SYSTEM UTILIZATION,3b21cce2-bb95-45f4-8f0b-8a4577099961,None,11.131768802697838,40
USER WAIT,3b21cce2-bb95-45f4-8f0b-8a4577099961,4,11.131768802697838,0.0
SYSTEM UTILIZATION,3b21cce2-bb95-45f4-8f0b-8a4577099961,None,12.28297950611833,50
USER WAIT,3b21cce2-bb95-45f4-8f0b-8a4577099961,5,12.28297950611833,0.0
SYSTEM UTILIZATION,3b21cce2-bb95-45f4-8f0b-8a4577099961,None,13.372804517696798,60
USER WAIT,3b21cce2-bb95-45f4-8f0b-8a4577099961,6,13.372804517696798,0.0
SYSTEM UTILIZATION,3b21cce2-bb95-45f4-8f0b-8a4577099961,None,15.241655144604927,70
USER WAIT,3b21cce2-bb95-45f4-8f0b-8a4577099961,7,15.241655144604927,0.0
SYSTEM UTILIZATION,3b21cce2-bb95-45f4-8f0b-8a4577099961,None,17.084366504178178,80
USER WAIT,3b21cce2-bb95-45f4-8f0b-8a4577099961,8,17.084366504178178,0.0
SYSTEM UTILIZATION,3b21cce2-bb95-45f4-8f0b-8a4577099961,None,19.07920655446009,90
USER WAIT,3b21cce2-bb95-45f4-8f0b-8a4577099961,9,19.07920655446009,0.0
SYSTEM UTILIZATION,3b21cce2-bb95-45f4-8f0b-8a4577099961,None,21.377214039120137,100
USER WAIT,3b21cce2-bb95-45f4-8f0b-8a4577099961,10,21.377214039120137,0.0
RESOURCE USAGE,3b21cce2-bb95-45f4-8f0b-8a4577099961,3,29.512650752748034,20000.016679537915
SYSTEM UTILIZATION,3b21cce2-bb95-45f4-8f0b-8a4577099961,None,29.512650752748034,100
USER WAIT,3b21cce2-bb95-45f4-8f0b-8a4577099961,15,29.512650752748034,1.0903223227934085
RESOURCE COUNT,3b21cce2-bb95-45f4-8f0b-8a4577099961,None,29.980679494715467,11
SYSTEM UTILIZATION,3b21cce2-bb95-45f4-8f0b-8a4577099961,None,30.05391340425099,100
USER WAIT,3b21cce2-bb95-45f4-8f0b-8a4577099961,16,30.05391340425099,0.0
RESOURCE COUNT,3b21cce2-bb95-45f4-8f0b-8a4577099961,None,32.365795479808206,12
SYSTEM UTILIZATION,3b21cce2-bb95-45f4-8f0b-8a4577099961,None,32.940252965289375,100
USER WAIT,3b21cce2-bb95-45f4-8f0b-8a4577099961,18,32.940252965289375,0.0
RESOURCE USAGE,3b21cce2-bb95-45f4-8f0b-8a4577099961,5,34.16538684537521,21882.40733925688
SYSTEM UTILIZATION,3b21cce2-bb95-45f4-8f0b-8a4577099961,None,34.65453155978146,100
USER WAIT,3b21cce2-bb95-45f4-8f0b-8a4577099961,17,34.65453155978146,3.0
RESOURCE COUNT,3b21cce2-bb95-45f4-8f0b-8a4577099961,None,35.088455658334695,13
RESOURCE USAGE,3b21cce2-bb95-45f4-8f0b-8a4577099961,7,35.262308002637894,20020.65285803297
RESOURCE COUNT,3b21cce2-bb95-45f4-8f0b-8a4577099961,None,35.422328429954625,14
SYSTEM UTILIZATION,3b21cce2-bb95-45f4-8f0b-8a4577099961,None,35.5329901594233,86
USER WAIT,3b21cce2-bb95-45f4-8f0b-8a4577099961,20,35.5329901594233,0.0
RESOURCE COUNT,3b21cce2-bb95-45f4-8f0b-8a4577099961,None,36.365795479808206,15
SYSTEM UTILIZATION,3b21cce2-bb95-45f4-8f0b-8a4577099961,None,36.73554187790751,87
USER WAIT,3b21cce2-bb95-45f4-8f0b-8a4577099961,21,36.73554187790751,0.0
SYSTEM UTILIZATION,3b21cce2-bb95-45f4-8f0b-8a4577099961,None,37.84622385796808,93
USER WAIT,3b21cce2-bb95-45f4-8f0b-8a4577099961,22,37.84622385796808,0.0
SYSTEM UTILIZATION,3b21cce2-bb95-45f4-8f0b-8a4577099961,None,38.15941694844914,100
USER WAIT,3b21cce2-bb95-45f4-8f0b-8a4577099961,19,38.15941694844914,4.0
RESOURCE USAGE,3b21cce2-bb95-45f4-8f0b-8a4577099961,9,39.10836824607912,20029.16169161903
SYSTEM UTILIZATION,3b21cce2-bb95-45f4-8f0b-8a4577099961,None,39.304001277291114,100
USER WAIT,3b21cce2-bb95-45f4-8f0b-8a4577099961,23,39.304001277291114,0.0
RESOURCE USAGE,3b21cce2-bb95-45f4-8f0b-8a4577099961,4,39.826857216895675,28695.08841419784
SYSTEM UTILIZATION,3b21cce2-bb95-45f4-8f0b-8a4577099961,None,39.826857216895675,100
USER WAIT,3b21cce2-bb95-45f4-8f0b-8a4577099961,13,39.826857216895675,14.315851578116451
RESOURCE USAGE,3b21cce2-bb95-45f4-8f0b-8a4577099961,10,41.37721719089838,20000.00315177824
USER LOGIN,3b21cce2-bb95-45f4-8f0b-8a4577099961,None,43.646693972249174,17
SYSTEM UTILIZATION,3b21cce2-bb95-45f4-8f0b-8a4577099961,None,43.646693972249174,100
USER WAIT,3b21cce2-bb95-45f4-8f0b-8a4577099961,24,43.646693972249174,0.0
RESOURCE USAGE,3b21cce2-bb95-45f4-8f0b-8a4577099961,6,48.978968290334294,35606.1637726375
SYSTEM UTILIZATION,3b21cce2-bb95-45f4-8f0b-8a4577099961,None,49.81263212354436,100
USER WAIT,3b21cce2-bb95-45f4-8f0b-8a4577099961,25,49.81263212354436,5.0
RESOURCE USAGE,3b21cce2-bb95-45f4-8f0b-8a4577099961,8,51.40298848354815,34318.62197936997
SYSTEM UTILIZATION,3b21cce2-bb95-45f4-8f0b-8a4577099961,None,53.08047828400417,100
USER WAIT,3b21cce2-bb95-45f4-8f0b-8a4577099961,31,53.08047828400417,0.0
RESOURCE USAGE,3b21cce2-bb95-45f4-8f0b-8a4577099961,18,53.747378588816574,20807.125623527198
RESOURCE USAGE,3b21cce2-bb95-45f4-8f0b-8a4577099961,1,53.825639937146065,46825.639937146065
SYSTEM UTILIZATION,3b21cce2-bb95-45f4-8f0b-8a4577099961,None,53.825639937146065,93
USER WAIT,3b21cce2-bb95-45f4-8f0b-8a4577099961,11,53.825639937146065,30.844960442430597
SYSTEM UTILIZATION,3b21cce2-bb95-45f4-8f0b-8a4577099961,None,53.92029805698781,100
USER WAIT,3b21cce2-bb95-45f4-8f0b-8a4577099961,27,53.92029805698781,7.0
RESOURCE USAGE,3b21cce2-bb95-45f4-8f0b-8a4577099961,17,54.654614127573076,20000.082567791615
SYSTEM UTILIZATION,3b21cce2-bb95-45f4-8f0b-8a4577099961,None,54.654614127573076,100
USER WAIT,3b21cce2-bb95-45f4-8f0b-8a4577099961,30,54.654614127573076,3.377699031794755
RESOURCE COUNT,3b21cce2-bb95-45f4-8f0b-8a4577099961,None,55.839813738061814,16
SYSTEM UTILIZATION,3b21cce2-bb95-45f4-8f0b-8a4577099961,None,55.840281039635926,100
USER WAIT,3b21cce2-bb95-45f4-8f0b-8a4577099961,29,55.840281039635926,6.0
RESOURCE COUNT,3b21cce2-bb95-45f4-8f0b-8a4577099961,None,57.27691509577832,17
RESOURCE USAGE,3b21cce2-bb95-45f4-8f0b-8a4577099961,15,57.90889115112087,28396.240398372836
SYSTEM UTILIZATION,3b21cce2-bb95-45f4-8f0b-8a4577099961,None,57.90889115112087,94
USER WAIT,3b21cce2-bb95-45f4-8f0b-8a4577099961,14,57.90889115112087,30.82043549278617
SYSTEM UTILIZATION,3b21cce2-bb95-45f4-8f0b-8a4577099961,None,58.20832301914415,100
USER WAIT,3b21cce2-bb95-45f4-8f0b-8a4577099961,35,58.20832301914415,0.0
RESOURCE USAGE,3b21cce2-bb95-45f4-8f0b-8a4577099961,21,59.19310665145963,22457.56477355212
RESOURCE COUNT,3b21cce2-bb95-45f4-8f0b-8a4577099961,None,59.29827270271635,18
SYSTEM UTILIZATION,3b21cce2-bb95-45f4-8f0b-8a4577099961,None,59.67462445293832,94
USER WAIT,3b21cce2-bb95-45f4-8f0b-8a4577099961,36,59.67462445293832,0.0
SYSTEM UTILIZATION,3b21cce2-bb95-45f4-8f0b-8a4577099961,None,59.70813917182301,100
USER WAIT,3b21cce2-bb95-45f4-8f0b-8a4577099961,32,59.70813917182301,5.0
RESOURCE USAGE,3b21cce2-bb95-45f4-8f0b-8a4577099961,16,60.436792594056506,30382.879189805513
SYSTEM UTILIZATION,3b21cce2-bb95-45f4-8f0b-8a4577099961,None,60.94670436483044,100
USER WAIT,3b21cce2-bb95-45f4-8f0b-8a4577099961,37,60.94670436483044,0.0
RESOURCE COUNT,3b21cce2-bb95-45f4-8f0b-8a4577099961,None,62.09222386305815,19
SYSTEM UTILIZATION,3b21cce2-bb95-45f4-8f0b-8a4577099961,None,63.32722813868375,100
USER WAIT,3b21cce2-bb95-45f4-8f0b-8a4577099961,39,63.32722813868375,0.0
RESOURCE USAGE,3b21cce2-bb95-45f4-8f0b-8a4577099961,23,63.59113743824571,24287.136160954597
RESOURCE USAGE,3b21cce2-bb95-45f4-8f0b-8a4577099961,24,63.64938230784034,20002.688335591167
SYSTEM UTILIZATION,3b21cce2-bb95-45f4-8f0b-8a4577099961,None,64.58978831441912,95
USER WAIT,3b21cce2-bb95-45f4-8f0b-8a4577099961,40,64.58978831441912,0.0
RESOURCE USAGE,3b21cce2-bb95-45f4-8f0b-8a4577099961,13,64.96646400315335,25139.606786257675
SYSTEM UTILIZATION,3b21cce2-bb95-45f4-8f0b-8a4577099961,None,64.96646400315335,95
USER WAIT,3b21cce2-bb95-45f4-8f0b-8a4577099961,26,64.96646400315335,19.126650265091534
RESOURCE COUNT,3b21cce2-bb95-45f4-8f0b-8a4577099961,None,65.1248917810109,20
RESOURCE USAGE,3b21cce2-bb95-45f4-8f0b-8a4577099961,19,65.26678386149688,27107.366913047736
USER LOGIN,e0a2101c-8176-460f-8723-20f17e510ad0,None,4,8
SYSTEM UTILIZATION,e0a2101c-8176-460f-8723-20f17e510ad0,None,4,10
USER WAIT,e0a2101c-8176-460f-8723-20f17e510ad0,1,4,0
SYSTEM UTILIZATION,e0a2101c-8176-460f-8723-20f17e510ad0,None,5.18678819334373,20
USER WAIT,e0a2101c-8176-460f-8723-20f17e510ad0,2,5.18678819334373,0.0
SYSTEM UTILIZATION,e0a2101c-8176-460f-8723-20f17e510ad0,None,6.795339024132163,30
USER WAIT,e0a2101c-8176-460f-8723-20f17e510ad0,3,6.795339024132163,0.0
SYSTEM UTILIZATION,e0a2101c-8176-460f-8723-20f17e510ad0,None,8.565949681258932,40
USER WAIT,e0a2101c-8176-460f-8723-20f17e510ad0,4,8.565949681258932,0.0
SYSTEM UTILIZATION,e0a2101c-8176-460f-8723-20f17e510ad0,None,9.598661349529175,50
USER WAIT,e0a2101c-8176-460f-8723-20f17e510ad0,5,9.598661349529175,0.0
SYSTEM UTILIZATION,e0a2101c-8176-460f-8723-20f17e510ad0,None,11.12818418258645,60
USER WAIT,e0a2101c-8176-460f-8723-20f17e510ad0,6,11.12818418258645,0.0
SYSTEM UTILIZATION,e0a2101c-8176-460f-8723-20f17e510ad0,None,12.850865459029233,70
USER WAIT,e0a2101c-8176-460f-8723-20f17e510ad0,7,12.850865459029233,0.0
SYSTEM UTILIZATION,e0a2101c-8176-460f-8723-20f17e510ad0,None,14.796060832496657,80
USER WAIT,e0a2101c-8176-460f-8723-20f17e510ad0,8,14.796060832496657,0.0
USER LOGIN,e0a2101c-8176-460f-8723-20f17e510ad0,None,17.48788838698324,19
SYSTEM UTILIZATION,e0a2101c-8176-460f-8723-20f17e510ad0,None,17.48788838698324,90
USER WAIT,e0a2101c-8176-460f-8723-20f17e510ad0,9,17.48788838698324,0.0
SYSTEM UTILIZATION,e0a2101c-8176-460f-8723-20f17e510ad0,None,18.580516981969488,100
USER WAIT,e0a2101c-8176-460f-8723-20f17e510ad0,10,18.580516981969488,0.0
RESOURCE USAGE,e0a2101c-8176-460f-8723-20f17e510ad0,1,24.157607674083135,20157.607674083134
SYSTEM UTILIZATION,e0a2101c-8176-460f-8723-20f17e510ad0,None,24.62594112203037,100
USER WAIT,e0a2101c-8176-460f-8723-20f17e510ad0,14,24.62594112203037,0.0
RESOURCE COUNT,e0a2101c-8176-460f-8723-20f17e510ad0,None,28.013000628487692,11
SYSTEM UTILIZATION,e0a2101c-8176-460f-8723-20f17e510ad0,None,28.407119557089317,100
USER WAIT,e0a2101c-8176-460f-8723-20f17e510ad0,17,28.407119557089317,0.0
RESOURCE USAGE,e0a2101c-8176-460f-8723-20f17e510ad0,3,28.4363221568006,21640.98313266844
SYSTEM UTILIZATION,e0a2101c-8176-460f-8723-20f17e510ad0,None,29.47626142452149,100
USER WAIT,e0a2101c-8176-460f-8723-20f17e510ad0,13,29.47626142452149,6.0
RESOURCE COUNT,e0a2101c-8176-460f-8723-20f17e510ad0,None,31.808193382035068,12
RESOURCE USAGE,e0a2101c-8176-460f-8723-20f17e510ad0,5,31.862905796417913,22264.24444688874
SYSTEM UTILIZATION,e0a2101c-8176-460f-8723-20f17e510ad0,None,32.207936086565056,92
USER WAIT,e0a2101c-8176-460f-8723-20f17e510ad0,16,32.207936086565056,5.0000000000000036
SYSTEM UTILIZATION,e0a2101c-8176-460f-8723-20f17e510ad0,None,32.27331435317849,100
USER WAIT,e0a2101c-8176-460f-8723-20f17e510ad0,18,32.27331435317849,1.9999999999999964
RESOURCE COUNT,e0a2101c-8176-460f-8723-20f17e510ad0,None,33.14086964477824,13
RESOURCE USAGE,e0a2101c-8176-460f-8723-20f17e510ad0,7,33.21773042462725,20366.864965598015
SYSTEM UTILIZATION,e0a2101c-8176-460f-8723-20f17e510ad0,None,33.2661293915488,92
USER WAIT,e0a2101c-8176-460f-8723-20f17e510ad0,20,33.2661293915488,0.0
SYSTEM UTILIZATION,e0a2101c-8176-460f-8723-20f17e510ad0,None,33.538467457140214,100
USER WAIT,e0a2101c-8176-460f-8723-20f17e510ad0,19,33.538467457140214,1.9999999999999964
RESOURCE USAGE,e0a2101c-8176-460f-8723-20f17e510ad0,4,35.73445490693804,27168.50522567911
SYSTEM UTILIZATION,e0a2101c-8176-460f-8723-20f17e510ad0,None,36.65070896748275,100
USER WAIT,e0a2101c-8176-460f-8723-20f17e510ad0,22,36.65070896748275,0.0
RESOURCE USAGE,e0a2101c-8176-460f-8723-20f17e510ad0,6,37.287100536101754,26158.916353515302
SYSTEM UTILIZATION,e0a2101c-8176-460f-8723-20f17e510ad0,None,38.4870538987095,100
USER WAIT,e0a2101c-8176-460f-8723-20f17e510ad0,23,38.4870538987095,0.0
RESOURCE USAGE,e0a2101c-8176-460f-8723-20f17e510ad0,2,38.6048157166521,33418.02752330837
SYSTEM UTILIZATION,e0a2101c-8176-460f-8723-20f17e510ad0,None,38.6048157166521,100
USER WAIT,e0a2101c-8176-460f-8723-20f17e510ad0,11,38.6048157166521,18.591815088164406
RESOURCE USAGE,e0a2101c-8176-460f-8723-20f17e510ad0,10,38.65491147018433,20074.394488214843
SYSTEM UTILIZATION,e0a2101c-8176-460f-8723-20f17e510ad0,None,39.525225640506804,100
USER WAIT,e0a2101c-8176-460f-8723-20f17e510ad0,21,39.525225640506804,4.0
RESOURCE COUNT,e0a2101c-8176-460f-8723-20f17e510ad0,None,44.19673956393848,14
RESOURCE USAGE,e0a2101c-8176-460f-8723-20f17e510ad0,9,44.55694904074882,27069.06065376558
SYSTEM UTILIZATION,e0a2101c-8176-460f-8723-20f17e510ad0,None,44.75809485451837,93
USER WAIT,e0a2101c-8176-460f-8723-20f17e510ad0,26,44.75809485451837,0.0
SYSTEM UTILIZATION,e0a2101c-8176-460f-8723-20f17e510ad0,None,45.84729480301329,100
USER WAIT,e0a2101c-8176-460f-8723-20f17e510ad0,27,45.84729480301329,0.0
RESOURCE COUNT,e0a2101c-8176-460f-8723-20f17e510ad0,None,52.20620755965384,15
RESOURCE USAGE,e0a2101c-8176-460f-8723-20f17e510ad0,17,52.716908189251356,24309.78863216204
RESOURCE USAGE,e0a2101c-8176-460f-8723-20f17e510ad0,13,52.724376226899565,23248.114802378077
SYSTEM UTILIZATION,e0a2101c-8176-460f-8723-20f17e510ad0,None,52.724376226899565,87
USER WAIT,e0a2101c-8176-460f-8723-20f17e510ad0,15,52.724376226899565,26.583506582121323
RESOURCE USAGE,e0a2101c-8176-460f-8723-20f17e510ad0,20,53.590761990776784,20324.63259922798
USER LOGIN,e0a2101c-8176-460f-8723-20f17e510ad0,None,54.83223029248916,13
SYSTEM UTILIZATION,e0a2101c-8176-460f-8723-20f17e510ad0,None,54.83223029248916,87
USER WAIT,e0a2101c-8176-460f-8723-20f17e510ad0,28,54.83223029248916,0.0
RESOURCE USAGE,e0a2101c-8176-460f-8723-20f17e510ad0,16,55.705075985422624,23497.139898857567
RESOURCE USAGE,e0a2101c-8176-460f-8723-20f17e510ad0,18,56.054200676942,23780.886323763512
SYSTEM UTILIZATION,e0a2101c-8176-460f-8723-20f17e510ad0,None,56.087963317454,80
USER WAIT,e0a2101c-8176-460f-8723-20f17e510ad0,29,56.087963317454,0.0
RESOURCE USAGE,e0a2101c-8176-460f-8723-20f17e510ad0,19,56.3326671676665,22794.199710526285
SYSTEM UTILIZATION,e0a2101c-8176-460f-8723-20f17e510ad0,None,57.368443230507516,80
USER WAIT,e0a2101c-8176-460f-8723-20f17e510ad0,30,57.368443230507516,0.0
SYSTEM UTILIZATION,e0a2101c-8176-460f-8723-20f17e510ad0,None,58.82370312870875,87
USER WAIT,e0a2101c-8176-460f-8723-20f17e510ad0,31,58.82370312870875,0.0
RESOURCE USAGE,e0a2101c-8176-460f-8723-20f17e510ad0,11,59.32663574531678,20721.82002866468
SYSTEM UTILIZATION,e0a2101c-8176-460f-8723-20f17e510ad0,None,59.32663574531678,87
USER WAIT,e0a2101c-8176-460f-8723-20f17e510ad0,24,59.32663574531678,19.1298961813783
SYSTEM UTILIZATION,e0a2101c-8176-460f-8723-20f17e510ad0,None,60.8614440851503,93
USER WAIT,e0a2101c-8176-460f-8723-20f17e510ad0,32,60.8614440851503,0.0
SYSTEM UTILIZATION,e0a2101c-8176-460f-8723-20f17e510ad0,None,62.02111805618408,100
USER WAIT,e0a2101c-8176-460f-8723-20f17e510ad0,33,62.02111805618408,0.0
RESOURCE USAGE,e0a2101c-8176-460f-8723-20f17e510ad0,22,64.06279312683455,27412.084159351798
SYSTEM UTILIZATION,e0a2101c-8176-460f-8723-20f17e510ad0,None,64.06279312683455,100
USER WAIT,e0a2101c-8176-460f-8723-20f17e510ad0,25,64.06279312683455,20.85658556718071
RESOURCE USAGE,e0a2101c-8176-460f-8723-20f17e510ad0,14,64.44303269491817,39817.0915728878
SYSTEM UTILIZATION,e0a2101c-8176-460f-8723-20f17e510ad0,None,64.44303269491817,100
USER WAIT,e0a2101c-8176-460f-8723-20f17e510ad0,12,64.44303269491817,42.6348393128831
RESOURCE USAGE,e0a2101c-8176-460f-8723-20f17e510ad0,27,66.47819160040467,20630.89679739138
SYSTEM UTILIZATION,e0a2101c-8176-460f-8723-20f17e510ad0,None,67.10091148260543,100
USER WAIT,e0a2101c-8176-460f-8723-20f17e510ad0,37,67.10091148260543,0.0
RESOURCE COUNT,e0a2101c-8176-460f-8723-20f17e510ad0,None,71.13929508290909,16
RESOURCE USAGE,e0a2101c-8176-460f-8723-20f17e510ad0,26,71.85158374476933,27093.48889025096
SYSTEM UTILIZATION,e0a2101c-8176-460f-8723-20f17e510ad0,None,71.94861455959642,94
USER WAIT,e0a2101c-8176-460f-8723-20f17e510ad0,40,71.94861455959642,0.0
RESOURCE COUNT,e0a2101c-8176-460f-8723-20f17e510ad0,None,71.9953731146852,17
RESOURCE USAGE,e0a2101c-8176-460f-8723-20f17e510ad0,15,72.72451191541145,20000.13568851189
SYSTEM UTILIZATION,e0a2101c-8176-460f-8723-20f17e510ad0,None,72.72451191541145,88
USER WAIT,e0a2101c-8176-460f-8723-20f17e510ad0,35,72.72451191541145,8.322204670811345
SYSTEM UTILIZATION,e0a2101c-8176-460f-8723-20f17e510ad0,None,73.21794425918529,94
USER WAIT,e0a2101c-8176-460f-8723-20f17e510ad0,38,73.21794425918529,4.0
USER LOGIN,62682dc2-d012-4ef4-b6d6-5c7246c7a110,None,2,1
SYSTEM UTILIZATION,62682dc2-d012-4ef4-b6d6-5c7246c7a110,None,2,10
USER WAIT,62682dc2-d012-4ef4-b6d6-5c7246c7a110,1,2,0
USER LOGIN,62682dc2-d012-4ef4-b6d6-5c7246c7a110,None,14.567458780022605,19
SYSTEM UTILIZATION,62682dc2-d012-4ef4-b6d6-5c7246c7a110,None,14.567458780022605,20
USER WAIT,62682dc2-d012-4ef4-b6d6-5c7246c7a110,2,14.567458780022605,0.0
SYSTEM UTILIZATION,62682dc2-d012-4ef4-b6d6-5c7246c7a110,None,16.97345838022671,30
USER WAIT,62682dc2-d012-4ef4-b6d6-5c7246c7a110,3,16.97345838022671,0.0
SYSTEM UTILIZATION,62682dc2-d012-4ef4-b6d6-5c7246c7a110,None,18.0064365794459,40
USER WAIT,62682dc2-d012-4ef4-b6d6-5c7246c7a110,4,18.0064365794459,0.0
SYSTEM UTILIZATION,62682dc2-d012-4ef4-b6d6-5c7246c7a110,None,19.462452240184017,50
USER WAIT,62682dc2-d012-4ef4-b6d6-5c7246c7a110,5,19.462452240184017,0.0
SYSTEM UTILIZATION,62682dc2-d012-4ef4-b6d6-5c7246c7a110,None,20.923062391030793,60
USER WAIT,62682dc2-d012-4ef4-b6d6-5c7246c7a110,6,20.923062391030793,0.0
SYSTEM UTILIZATION,62682dc2-d012-4ef4-b6d6-5c7246c7a110,None,22.693339888699594,70
USER WAIT,62682dc2-d012-4ef4-b6d6-5c7246c7a110,7,22.693339888699594,0.0
SYSTEM UTILIZATION,62682dc2-d012-4ef4-b6d6-5c7246c7a110,None,24.205226224016496,80
USER WAIT,62682dc2-d012-4ef4-b6d6-5c7246c7a110,8,24.205226224016496,0.0
SYSTEM UTILIZATION,62682dc2-d012-4ef4-b6d6-5c7246c7a110,None,26.613759071532588,90
USER WAIT,62682dc2-d012-4ef4-b6d6-5c7246c7a110,9,26.613759071532588,0.0
RESOURCE USAGE,62682dc2-d012-4ef4-b6d6-5c7246c7a110,1,27.96528901723408,25965.28901723408
SYSTEM UTILIZATION,62682dc2-d012-4ef4-b6d6-5c7246c7a110,None,28.151929828277225,90
USER WAIT,62682dc2-d012-4ef4-b6d6-5c7246c7a110,10,28.151929828277225,0.0
SYSTEM UTILIZATION,62682dc2-d012-4ef4-b6d6-5c7246c7a110,None,33.11091461868333,100
USER WAIT,62682dc2-d012-4ef4-b6d6-5c7246c7a110,11,33.11091461868333,0.0
RESOURCE USAGE,62682dc2-d012-4ef4-b6d6-5c7246c7a110,4,40.74603354814533,22739.59696869943
RESOURCE COUNT,62682dc2-d012-4ef4-b6d6-5c7246c7a110,None,41.252800768728896,11
RESOURCE COUNT,62682dc2-d012-4ef4-b6d6-5c7246c7a110,None,41.895845270033576,12
SYSTEM UTILIZATION,62682dc2-d012-4ef4-b6d6-5c7246c7a110,None,42.02897784210381,83
USER WAIT,62682dc2-d012-4ef4-b6d6-5c7246c7a110,16,42.02897784210381,0.0
SYSTEM UTILIZATION,62682dc2-d012-4ef4-b6d6-5c7246c7a110,None,43.04786805036365,92
USER WAIT,62682dc2-d012-4ef4-b6d6-5c7246c7a110,14,43.04786805036365,5.0
RESOURCE USAGE,62682dc2-d012-4ef4-b6d6-5c7246c7a110,5,43.07494821024657,23612.49597006255
RESOURCE USAGE,62682dc2-d012-4ef4-b6d6-5c7246c7a110,7,43.07717226423584,20383.832375536247
SYSTEM UTILIZATION,62682dc2-d012-4ef4-b6d6-5c7246c7a110,None,44.16132043091535,83
USER WAIT,62682dc2-d012-4ef4-b6d6-5c7246c7a110,17,44.16132043091535,0.0
RESOURCE USAGE,62682dc2-d012-4ef4-b6d6-5c7246c7a110,3,44.378686773699684,27405.228393472975
SYSTEM UTILIZATION,62682dc2-d012-4ef4-b6d6-5c7246c7a110,None,46.22711623475645,83
USER WAIT,62682dc2-d012-4ef4-b6d6-5c7246c7a110,15,46.22711623475645,6.0
RESOURCE USAGE,62682dc2-d012-4ef4-b6d6-5c7246c7a110,9,46.61519096643093,20001.431894898342
SYSTEM UTILIZATION,62682dc2-d012-4ef4-b6d6-5c7246c7a110,None,48.1139643411331,83
USER WAIT,62682dc2-d012-4ef4-b6d6-5c7246c7a110,18,48.1139643411331,0.0
SYSTEM UTILIZATION,62682dc2-d012-4ef4-b6d6-5c7246c7a110,None,51.69207703351447,92
USER WAIT,62682dc2-d012-4ef4-b6d6-5c7246c7a110,19,51.69207703351447,0.0
SYSTEM UTILIZATION,62682dc2-d012-4ef4-b6d6-5c7246c7a110,None,52.90244070735808,100
USER WAIT,62682dc2-d012-4ef4-b6d6-5c7246c7a110,20,52.90244070735808,0.0
RESOURCE USAGE,62682dc2-d012-4ef4-b6d6-5c7246c7a110,10,57.21482196219186,29062.892133914636
SYSTEM UTILIZATION,62682dc2-d012-4ef4-b6d6-5c7246c7a110,None,57.21482196219186,100
USER WAIT,62682dc2-d012-4ef4-b6d6-5c7246c7a110,12,57.21482196219186,22.962021193462967
USER LOGIN,62682dc2-d012-4ef4-b6d6-5c7246c7a110,None,59.091910169416046,20
RESOURCE USAGE,62682dc2-d012-4ef4-b6d6-5c7246c7a110,16,62.85100955856248,20822.031716458674
SYSTEM UTILIZATION,62682dc2-d012-4ef4-b6d6-5c7246c7a110,None,63.08780638646414,100
USER WAIT,62682dc2-d012-4ef4-b6d6-5c7246c7a110,23,63.08780638646414,0.0
RESOURCE USAGE,62682dc2-d012-4ef4-b6d6-5c7246c7a110,11,63.42214476769454,30311.230149011208
SYSTEM UTILIZATION,62682dc2-d012-4ef4-b6d6-5c7246c7a110,None,65.09191016941605,100
USER WAIT,62682dc2-d012-4ef4-b6d6-5c7246c7a110,21,65.09191016941605,6.000000000000007
RESOURCE USAGE,62682dc2-d012-4ef4-b6d6-5c7246c7a110,14,65.54490412601615,22497.036075652504
SYSTEM UTILIZATION,62682dc2-d012-4ef4-b6d6-5c7246c7a110,None,66.28718850168629,100
USER WAIT,62682dc2-d012-4ef4-b6d6-5c7246c7a110,24,66.28718850168629,0.0
RESOURCE USAGE,62682dc2-d012-4ef4-b6d6-5c7246c7a110,15,68.37239409976343,22145.277865006974
RESOURCE USAGE,62682dc2-d012-4ef4-b6d6-5c7246c7a110,8,68.74307927194488,44537.85304792838
RESOURCE COUNT,62682dc2-d012-4ef4-b6d6-5c7246c7a110,None,70.58671637280872,13
SYSTEM UTILIZATION,62682dc2-d012-4ef4-b6d6-5c7246c7a110,None,71.55008785228983,85
USER WAIT,62682dc2-d012-4ef4-b6d6-5c7246c7a110,26,71.55008785228983,0.0
SYSTEM UTILIZATION,62682dc2-d012-4ef4-b6d6-5c7246c7a110,None,72.5764052138976,92
USER WAIT,62682dc2-d012-4ef4-b6d6-5c7246c7a110,25,72.5764052138976,5.0
RESOURCE USAGE,62682dc2-d012-4ef4-b6d6-5c7246c7a110,17,73.11150578877272,28950.185357857365
SYSTEM UTILIZATION,62682dc2-d012-4ef4-b6d6-5c7246c7a110,None,73.30541777284056,92
USER WAIT,62682dc2-d012-4ef4-b6d6-5c7246c7a110,27,73.30541777284056,0.0
SYSTEM UTILIZATION,62682dc2-d012-4ef4-b6d6-5c7246c7a110,None,74.53146724279587,100
USER WAIT,62682dc2-d012-4ef4-b6d6-5c7246c7a110,28,74.53146724279587,0.0
RESOURCE USAGE,62682dc2-d012-4ef4-b6d6-5c7246c7a110,12,77.78981733196122,20574.995369769353
SYSTEM UTILIZATION,62682dc2-d012-4ef4-b6d6-5c7246c7a110,None,77.78981733196122,100
USER WAIT,62682dc2-d012-4ef4-b6d6-5c7246c7a110,22,77.78981733196122,17.203100959152486
RESOURCE USAGE,62682dc2-d012-4ef4-b6d6-5c7246c7a110,19,78.7151432230005,27023.066189486024
RESOURCE USAGE,62682dc2-d012-4ef4-b6d6-5c7246c7a110,6,78.8200082673613,57896.94587633051
SYSTEM UTILIZATION,62682dc2-d012-4ef4-b6d6-5c7246c7a110,None,78.8717550217702,92
USER WAIT,62682dc2-d012-4ef4-b6d6-5c7246c7a110,31,78.8717550217702,0.0
SYSTEM UTILIZATION,62682dc2-d012-4ef4-b6d6-5c7246c7a110,None,79.82354270922336,100
USER WAIT,62682dc2-d012-4ef4-b6d6-5c7246c7a110,29,79.82354270922336,4.0
RESOURCE USAGE,62682dc2-d012-4ef4-b6d6-5c7246c7a110,2,80.63565776204366,66068.19898202106
SYSTEM UTILIZATION,62682dc2-d012-4ef4-b6d6-5c7246c7a110,None,80.63565776204366,100
USER WAIT,62682dc2-d012-4ef4-b6d6-5c7246c7a110,13,80.63565776204366,44.73981249201009
RESOURCE USAGE,62682dc2-d012-4ef4-b6d6-5c7246c7a110,23,88.34868086666496,25260.874480200826
SYSTEM UTILIZATION,62682dc2-d012-4ef4-b6d6-5c7246c7a110,None,88.34868086666496,100
USER WAIT,62682dc2-d012-4ef4-b6d6-5c7246c7a110,35,88.34868086666496,4.6260215932013296
RESOURCE COUNT,62682dc2-d012-4ef4-b6d6-5c7246c7a110,None,88.84482811118336,14
SYSTEM UTILIZATION,62682dc2-d012-4ef4-b6d6-5c7246c7a110,None,88.99954023170838,100
USER WAIT,62682dc2-d012-4ef4-b6d6-5c7246c7a110,36,88.99954023170838,4.0
RESOURCE COUNT,62682dc2-d012-4ef4-b6d6-5c7246c7a110,None,90.08621392037716,15
SYSTEM UTILIZATION,62682dc2-d012-4ef4-b6d6-5c7246c7a110,None,90.47299892411816,100
USER WAIT,62682dc2-d012-4ef4-b6d6-5c7246c7a110,40,90.47299892411816,0.0
RESOURCE COUNT,62682dc2-d012-4ef4-b6d6-5c7246c7a110,None,91.32520322917426,16
USER LOGIN,85b93867-7b3c-44d9-8cea-0322e8331648,None,2,18
SYSTEM UTILIZATION,85b93867-7b3c-44d9-8cea-0322e8331648,None,2,10
USER WAIT,85b93867-7b3c-44d9-8cea-0322e8331648,1,2,0
SYSTEM UTILIZATION,85b93867-7b3c-44d9-8cea-0322e8331648,None,3.305976734872296,20
USER WAIT,85b93867-7b3c-44d9-8cea-0322e8331648,2,3.305976734872296,0.0
SYSTEM UTILIZATION,85b93867-7b3c-44d9-8cea-0322e8331648,None,4.537452554150956,30
USER WAIT,85b93867-7b3c-44d9-8cea-0322e8331648,3,4.537452554150956,0.0
SYSTEM UTILIZATION,85b93867-7b3c-44d9-8cea-0322e8331648,None,5.833382125444691,40
USER WAIT,85b93867-7b3c-44d9-8cea-0322e8331648,4,5.833382125444691,0.0
SYSTEM UTILIZATION,85b93867-7b3c-44d9-8cea-0322e8331648,None,6.928047931943105,50
USER WAIT,85b93867-7b3c-44d9-8cea-0322e8331648,5,6.928047931943105,0.0
SYSTEM UTILIZATION,85b93867-7b3c-44d9-8cea-0322e8331648,None,8.26347914426977,60
USER WAIT,85b93867-7b3c-44d9-8cea-0322e8331648,6,8.26347914426977,0.0
SYSTEM UTILIZATION,85b93867-7b3c-44d9-8cea-0322e8331648,None,9.341193148533478,70
USER WAIT,85b93867-7b3c-44d9-8cea-0322e8331648,7,9.341193148533478,0.0
SYSTEM UTILIZATION,85b93867-7b3c-44d9-8cea-0322e8331648,None,11.615848244928747,80
USER WAIT,85b93867-7b3c-44d9-8cea-0322e8331648,8,11.615848244928747,0.0
SYSTEM UTILIZATION,85b93867-7b3c-44d9-8cea-0322e8331648,None,12.83223750192854,90
USER WAIT,85b93867-7b3c-44d9-8cea-0322e8331648,9,12.83223750192854,0.0
SYSTEM UTILIZATION,85b93867-7b3c-44d9-8cea-0322e8331648,None,15.193609236163473,100
USER WAIT,85b93867-7b3c-44d9-8cea-0322e8331648,10,15.193609236163473,0.0
RESOURCE USAGE,85b93867-7b3c-44d9-8cea-0322e8331648,1,22.023709806953764,20023.709806953764
SYSTEM UTILIZATION,85b93867-7b3c-44d9-8cea-0322e8331648,None,22.15070366740327,100
USER WAIT,85b93867-7b3c-44d9-8cea-0322e8331648,15,22.15070366740327,0.0
RESOURCE USAGE,85b93867-7b3c-44d9-8cea-0322e8331648,2,23.457035745311757,20151.05901043946
SYSTEM UTILIZATION,85b93867-7b3c-44d9-8cea-0322e8331648,None,23.747704313999442,100
USER WAIT,85b93867-7b3c-44d9-8cea-0322e8331648,13,23.747704313999442,4.0
RESOURCE COUNT,85b93867-7b3c-44d9-8cea-0322e8331648,None,25.445527878765926,11
SYSTEM UTILIZATION,85b93867-7b3c-44d9-8cea-0322e8331648,None,25.801240778321127,100
USER WAIT,85b93867-7b3c-44d9-8cea-0322e8331648,18,25.801240778321127,0.0
RESOURCE COUNT,85b93867-7b3c-44d9-8cea-0322e8331648,None,26.86844878062343,12
SYSTEM UTILIZATION,85b93867-7b3c-44d9-8cea-0322e8331648,None,26.882320130606818,100
USER WAIT,85b93867-7b3c-44d9-8cea-0322e8331648,14,26.882320130606818,6.0
RESOURCE USAGE,85b93867-7b3c-44d9-8cea-0322e8331648,3,28.91472438109393,24377.27182694297
RESOURCE USAGE,85b93867-7b3c-44d9-8cea-0322e8331648,7,29.36328782697453,20022.094678441055
SYSTEM UTILIZATION,85b93867-7b3c-44d9-8cea-0322e8331648,None,29.40897218729913,92
USER WAIT,85b93867-7b3c-44d9-8cea-0322e8331648,17,29.40897218729913,5.0
SYSTEM UTILIZATION,85b93867-7b3c-44d9-8cea-0322e8331648,None,30.379102495758865,100
USER WAIT,85b93867-7b3c-44d9-8cea-0322e8331648,16,30.379102495758865,7.0
RESOURCE USAGE,85b93867-7b3c-44d9-8cea-0322e8331648,6,31.69950126925053,23436.02212498076
USER LOGIN,85b93867-7b3c-44d9-8cea-0322e8331648,None,32.405477464858286,18
SYSTEM UTILIZATION,85b93867-7b3c-44d9-8cea-0322e8331648,None,32.405477464858286,100
USER WAIT,85b93867-7b3c-44d9-8cea-0322e8331648,19,32.405477464858286,0.0
RESOURCE USAGE,85b93867-7b3c-44d9-8cea-0322e8331648,9,35.6089872585235,22776.74975659496
RESOURCE USAGE,85b93867-7b3c-44d9-8cea-0322e8331648,4,35.967108583249306,30133.726457804612
SYSTEM UTILIZATION,85b93867-7b3c-44d9-8cea-0322e8331648,None,36.713805623886415,92
USER WAIT,85b93867-7b3c-44d9-8cea-0322e8331648,22,36.713805623886415,0.0
SYSTEM UTILIZATION,85b93867-7b3c-44d9-8cea-0322e8331648,None,38.3684262927225,100
USER WAIT,85b93867-7b3c-44d9-8cea-0322e8331648,21,38.3684262927225,3.0
RESOURCE USAGE,85b93867-7b3c-44d9-8cea-0322e8331648,8,40.055273942988656,28439.425698059906
SYSTEM UTILIZATION,85b93867-7b3c-44d9-8cea-0322e8331648,None,40.10091088978513,100
USER WAIT,85b93867-7b3c-44d9-8cea-0322e8331648,20,40.10091088978513,6.0
RESOURCE USAGE,85b93867-7b3c-44d9-8cea-0322e8331648,15,42.198556233678524,20047.852566275255
SYSTEM UTILIZATION,85b93867-7b3c-44d9-8cea-0322e8331648,None,42.198556233678524,100
USER WAIT,85b93867-7b3c-44d9-8cea-0322e8331648,12,42.198556233678524,23.753028354912598
RESOURCE USAGE,85b93867-7b3c-44d9-8cea-0322e8331648,18,49.02038585884938,23219.145080528255
RESOURCE USAGE,85b93867-7b3c-44d9-8cea-0322e8331648,17,49.40897576779149,20000.003580492357
SYSTEM UTILIZATION,85b93867-7b3c-44d9-8cea-0322e8331648,None,49.40897576779149,92
USER WAIT,85b93867-7b3c-44d9-8cea-0322e8331648,23,49.40897576779149,11.024587022582516
RESOURCE USAGE,85b93867-7b3c-44d9-8cea-0322e8331648,10,50.10558082732346,34911.971591159985
RESOURCE COUNT,85b93867-7b3c-44d9-8cea-0322e8331648,None,50.38438874520897,13
RESOURCE COUNT,85b93867-7b3c-44d9-8cea-0322e8331648,None,50.69156928339952,14
SYSTEM UTILIZATION,85b93867-7b3c-44d9-8cea-0322e8331648,None,51.04449868339529,79
USER WAIT,85b93867-7b3c-44d9-8cea-0322e8331648,29,51.04449868339529,0.0
RESOURCE COUNT,85b93867-7b3c-44d9-8cea-0322e8331648,None,51.54137094467457,15
SYSTEM UTILIZATION,85b93867-7b3c-44d9-8cea-0322e8331648,None,51.75571172638505,80
USER WAIT,85b93867-7b3c-44d9-8cea-0322e8331648,26,51.75571172638505,7.0
SYSTEM UTILIZATION,85b93867-7b3c-44d9-8cea-0322e8331648,None,51.854540939149345,87
USER WAIT,85b93867-7b3c-44d9-8cea-0322e8331648,28,51.854540939149345,4.0
RESOURCE USAGE,85b93867-7b3c-44d9-8cea-0322e8331648,16,51.99714916458994,21618.046668831077
SYSTEM UTILIZATION,85b93867-7b3c-44d9-8cea-0322e8331648,None,52.80668850821432,87
USER WAIT,85b93867-7b3c-44d9-8cea-0322e8331648,30,52.80668850821432,0.0
SYSTEM UTILIZATION,85b93867-7b3c-44d9-8cea-0322e8331648,None,53.28972789980093,93
USER WAIT,85b93867-7b3c-44d9-8cea-0322e8331648,27,53.28972789980093,7.0
SYSTEM UTILIZATION,85b93867-7b3c-44d9-8cea-0322e8331648,None,55.14585819929663,100
USER WAIT,85b93867-7b3c-44d9-8cea-0322e8331648,31,55.14585819929663,0.0
RESOURCE USAGE,85b93867-7b3c-44d9-8cea-0322e8331648,21,58.368655042489436,20000.22874976693
SYSTEM UTILIZATION,85b93867-7b3c-44d9-8cea-0322e8331648,None,58.679802508831095,100
USER WAIT,85b93867-7b3c-44d9-8cea-0322e8331648,33,58.679802508831095,1.0
RESOURCE USAGE,85b93867-7b3c-44d9-8cea-0322e8331648,19,60.467262334861076,28061.78487000279
SYSTEM UTILIZATION,85b93867-7b3c-44d9-8cea-0322e8331648,None,61.60183031994239,100
USER WAIT,85b93867-7b3c-44d9-8cea-0322e8331648,36,61.60183031994239,0.0
RESOURCE USAGE,85b93867-7b3c-44d9-8cea-0322e8331648,12,62.19856850764273,20000.01227396421
SYSTEM UTILIZATION,85b93867-7b3c-44d9-8cea-0322e8331648,None,62.19856850764273,100
USER WAIT,85b93867-7b3c-44d9-8cea-0322e8331648,24,62.19856850764273,22.506999224243216
USER LOGIN,85b93867-7b3c-44d9-8cea-0322e8331648,None,67.1337916957923,21
RESOURCE USAGE,85b93867-7b3c-44d9-8cea-0322e8331648,23,69.40932434986888,20000.348582077393
SYSTEM UTILIZATION,85b93867-7b3c-44d9-8cea-0322e8331648,None,69.40932434986888,100
USER WAIT,85b93867-7b3c-44d9-8cea-0322e8331648,35,69.40932434986888,9.19981673732606
RESOURCE COUNT,85b93867-7b3c-44d9-8cea-0322e8331648,None,69.4879239299413,16
SYSTEM UTILIZATION,85b93867-7b3c-44d9-8cea-0322e8331648,None,70.66448841280838,100
USER WAIT,85b93867-7b3c-44d9-8cea-0322e8331648,38,70.66448841280838,2.0
RESOURCE COUNT,85b93867-7b3c-44d9-8cea-0322e8331648,None,71.20950761254282,17
RESOURCE USAGE,85b93867-7b3c-44d9-8cea-0322e8331648,26,72.05629248565167,20300.580759266617
SYSTEM UTILIZATION,85b93867-7b3c-44d9-8cea-0322e8331648,None,72.1337916957923,94
USER WAIT,85b93867-7b3c-44d9-8cea-0322e8331648,37,72.1337916957923,5.0
RESOURCE USAGE,85b93867-7b3c-44d9-8cea-0322e8331648,30,72.88531767575316,20078.629167538835
RESOURCE COUNT,85b93867-7b3c-44d9-8cea-0322e8331648,None,73.12139605781945,18
SYSTEM UTILIZATION,85b93867-7b3c-44d9-8cea-0322e8331648,None,73.42038629032652,89
USER WAIT,85b93867-7b3c-44d9-8cea-0322e8331648,40,73.42038629032652,0.0
SYSTEM UTILIZATION,85b93867-7b3c-44d9-8cea-0322e8331648,None,75.44558957831458,94
USER WAIT,85b93867-7b3c-44d9-8cea-0322e8331648,41,75.44558957831458,0.0
RESOURCE USAGE,85b93867-7b3c-44d9-8cea-0322e8331648,5,76.9243720411462,69996.3241092031
SYSTEM UTILIZATION,85b93867-7b3c-44d9-8cea-0322e8331648,None,76.9243720411462,94
USER WAIT,85b93867-7b3c-44d9-8cea-0322e8331648,34,76.9243720411462,17.80297598332674
RESOURCE USAGE,85b93867-7b3c-44d9-8cea-0322e8331648,31,77.0130031675926,21867.14496829597
SYSTEM UTILIZATION,85b93867-7b3c-44d9-8cea-0322e8331648,None,77.90677932040632,94
USER WAIT,85b93867-7b3c-44d9-8cea-0322e8331648,42,77.90677932040632,0.0
SYSTEM UTILIZATION,85b93867-7b3c-44d9-8cea-0322e8331648,None,78.8012658659214,100
USER WAIT,85b93867-7b3c-44d9-8cea-0322e8331648,39,78.8012658659214,8.0
RESOURCE USAGE,85b93867-7b3c-44d9-8cea-0322e8331648,20,80.45354960482933,40352.6387150442
SYSTEM UTILIZATION,85b93867-7b3c-44d9-8cea-0322e8331648,None,80.67243972766113,100
USER WAIT,85b93867-7b3c-44d9-8cea-0322e8331648,44,80.67243972766113,0.0
RESOURCE USAGE,85b93867-7b3c-44d9-8cea-0322e8331648,24,82.36117982272117,20162.611315078437
SYSTEM UTILIZATION,85b93867-7b3c-44d9-8cea-0322e8331648,None,82.36117982272117,100
USER WAIT,85b93867-7b3c-44d9-8cea-0322e8331648,32,82.36117982272117,25.873255892779866
RESOURCE COUNT,85b93867-7b3c-44d9-8cea-0322e8331648,None,88.13412863991438,19
SYSTEM UTILIZATION,85b93867-7b3c-44d9-8cea-0322e8331648,None,88.25513251203901,100
USER WAIT,85b93867-7b3c-44d9-8cea-0322e8331648,50,88.25513251203901,0.0
RESOURCE USAGE,85b93867-7b3c-44d9-8cea-0322e8331648,29,90.17092830964299,39126.4296262477
RESOURCE COUNT,85b93867-7b3c-44d9-8cea-0322e8331648,None,90.70821556705852,20
RESOURCE USAGE,85b93867-7b3c-44d9-8cea-0322e8331648,38,90.73342679280533,20068.93837999695
SYSTEM UTILIZATION,85b93867-7b3c-44d9-8cea-0322e8331648,None,91.34921658335129,90
USER WAIT,85b93867-7b3c-44d9-8cea-0322e8331648,51,91.34921658335129,0.0
RESOURCE COUNT,85b93867-7b3c-44d9-8cea-0322e8331648,None,91.46011505116294,21
SYSTEM UTILIZATION,85b93867-7b3c-44d9-8cea-0322e8331648,None,91.77301049620662,90
USER WAIT,85b93867-7b3c-44d9-8cea-0322e8331648,47,91.77301049620662,7.0
SYSTEM UTILIZATION,85b93867-7b3c-44d9-8cea-0322e8331648,None,92.01888858215773,95
USER WAIT,85b93867-7b3c-44d9-8cea-0322e8331648,49,92.01888858215773,5.0
RESOURCE USAGE,85b93867-7b3c-44d9-8cea-0322e8331648,27,92.03686087913184,38747.132979330905
SYSTEM UTILIZATION,85b93867-7b3c-44d9-8cea-0322e8331648,None,93.59367595231127,95
USER WAIT,85b93867-7b3c-44d9-8cea-0322e8331648,52,93.59367595231127,0.0
RESOURCE COUNT,85b93867-7b3c-44d9-8cea-0322e8331648,None,93.97359485593094,22
RESOURCE USAGE,85b93867-7b3c-44d9-8cea-0322e8331648,40,93.98752856449931,20567.142274172795
SYSTEM UTILIZATION,85b93867-7b3c-44d9-8cea-0322e8331648,None,94.64938630450123,91
USER WAIT,85b93867-7b3c-44d9-8cea-0322e8331648,53,94.64938630450123,0.0
SYSTEM UTILIZATION,85b93867-7b3c-44d9-8cea-0322e8331648,None,95.74532025456556,95
USER WAIT,85b93867-7b3c-44d9-8cea-0322e8331648,54,95.74532025456556,0.0
RESOURCE USAGE,85b93867-7b3c-44d9-8cea-0322e8331648,13,96.53547655459542,72787.77224059598
SYSTEM UTILIZATION,85b93867-7b3c-44d9-8cea-0322e8331648,None,96.53547655459542,95
USER WAIT,85b93867-7b3c-44d9-8cea-0322e8331648,11,96.53547655459542,79.667027773972
SYSTEM UTILIZATION,85b93867-7b3c-44d9-8cea-0322e8331648,None,96.9078750866201,100
USER WAIT,85b93867-7b3c-44d9-8cea-0322e8331648,55,96.9078750866201,0.0
RESOURCE USAGE,85b93867-7b3c-44d9-8cea-0322e8331648,35,98.76936416647642,29360.03981660754
SYSTEM UTILIZATION,85b93867-7b3c-44d9-8cea-0322e8331648,None,98.76936416647642,100
USER WAIT,85b93867-7b3c-44d9-8cea-0322e8331648,45,98.76936416647642,16.309249115313477
RESOURCE USAGE,85b93867-7b3c-44d9-8cea-0322e8331648,41,100.721210950708,25275.621372393416
RESOURCE USAGE,85b93867-7b3c-44d9-8cea-0322e8331648,34,100.89460658823339,23970.234547087188
SYSTEM UTILIZATION,85b93867-7b3c-44d9-8cea-0322e8331648,None,100.89460658823339,95
USER WAIT,85b93867-7b3c-44d9-8cea-0322e8331648,48,100.89460658823339,14.921011732302446
RESOURCE USAGE,85b93867-7b3c-44d9-8cea-0322e8331648,33,101.631954361931,42952.1518530999
RESOURCE USAGE,85b93867-7b3c-44d9-8cea-0322e8331648,32,102.37114089037554,20009.961067654374
SYSTEM UTILIZATION,85b93867-7b3c-44d9-8cea-0322e8331648,None,102.37114089037554,91
USER WAIT,85b93867-7b3c-44d9-8cea-0322e8331648,43,102.37114089037554,23.237012250461163
RESOURCE USAGE,85b93867-7b3c-44d9-8cea-0322e8331648,22,103.85378137129463,67139.97574740821
SYSTEM UTILIZATION,85b93867-7b3c-44d9-8cea-0322e8331648,None,103.85378137129463,91
USER WAIT,85b93867-7b3c-44d9-8cea-0322e8331648,25,103.85378137129463,60.31241042662006
SYSTEM UTILIZATION,85b93867-7b3c-44d9-8cea-0322e8331648,None,103.95970406377008,95
USER WAIT,85b93867-7b3c-44d9-8cea-0322e8331648,56,103.95970406377008,5.0
RESOURCE USAGE,85b93867-7b3c-44d9-8cea-0322e8331648,36,105.31272604145235,43710.895721509965
SYSTEM UTILIZATION,85b93867-7b3c-44d9-8cea-0322e8331648,None,105.31272604145235,95
USER WAIT,85b93867-7b3c-44d9-8cea-0322e8331648,46,105.31272604145235,21.604510474393834
SYSTEM UTILIZATION,85b93867-7b3c-44d9-8cea-0322e8331648,None,107.23911205126629,100
USER WAIT,85b93867-7b3c-44d9-8cea-0322e8331648,57,107.23911205126629,7.0
USER LOGIN,85b93867-7b3c-44d9-8cea-0322e8331648,None,107.75541274977073,19
RESOURCE USAGE,85b93867-7b3c-44d9-8cea-0322e8331648,42,109.19602622292575,31289.246902519437
SYSTEM UTILIZATION,85b93867-7b3c-44d9-8cea-0322e8331648,None,109.8680652730486,100
USER WAIT,85b93867-7b3c-44d9-8cea-0322e8331648,59,109.8680652730486,0.0
RESOURCE USAGE,85b93867-7b3c-44d9-8cea-0322e8331648,51,111.46117690553837,20111.960322187075
SYSTEM UTILIZATION,85b93867-7b3c-44d9-8cea-0322e8331648,None,111.53318199388745,100
USER WAIT,85b93867-7b3c-44d9-8cea-0322e8331648,60,111.53318199388745,0.0
RESOURCE USAGE,85b93867-7b3c-44d9-8cea-0322e8331648,47,112.62525890655509,20852.248410348468
SYSTEM UTILIZATION,85b93867-7b3c-44d9-8cea-0322e8331648,None,112.79811212183584,100
USER WAIT,85b93867-7b3c-44d9-8cea-0322e8331648,61,112.79811212183584,0.0
RESOURCE COUNT,85b93867-7b3c-44d9-8cea-0322e8331648,None,116.75541274977073,23
SYSTEM UTILIZATION,85b93867-7b3c-44d9-8cea-0322e8331648,None,118.18997621168167,100
USER WAIT,85b93867-7b3c-44d9-8cea-0322e8331648,63,118.18997621168167,0.0
RESOURCE USAGE,85b93867-7b3c-44d9-8cea-0322e8331648,45,118.84577207012595,20076.407903649524
RESOURCE USAGE,85b93867-7b3c-44d9-8cea-0322e8331648,52,119.78441913232483,26190.743180013556
SYSTEM UTILIZATION,85b93867-7b3c-44d9-8cea-0322e8331648,None,119.83399876128598,96
USER WAIT,85b93867-7b3c-44d9-8cea-0322e8331648,64,119.83399876128598,0.0
RESOURCE USAGE,85b93867-7b3c-44d9-8cea-0322e8331648,54,120.22265998618272,24477.339731617165
SYSTEM UTILIZATION,85b93867-7b3c-44d9-8cea-0322e8331648,None,121.30920597102812,96
USER WAIT,85b93867-7b3c-44d9-8cea-0322e8331648,65,121.30920597102812,0.0
RESOURCE USAGE,85b93867-7b3c-44d9-8cea-0322e8331648,50,121.3238996075919,33068.76709555289
RESOURCE COUNT,85b93867-7b3c-44d9-8cea-0322e8331648,None,121.37996835331307,24
RESOURCE USAGE,85b93867-7b3c-44d9-8cea-0322e8331648,48,122.1327701082425,21238.16352000911
SYSTEM UTILIZATION,85b93867-7b3c-44d9-8cea-0322e8331648,None,122.50786417526133,88
USER WAIT,85b93867-7b3c-44d9-8cea-0322e8331648,66,122.50786417526133,0.0
RESOURCE USAGE,85b93867-7b3c-44d9-8cea-0322e8331648,39,123.0981846665573,44296.91880063591
SYSTEM UTILIZATION,85b93867-7b3c-44d9-8cea-0322e8331648,None,123.51945416720513,88
USER WAIT,85b93867-7b3c-44d9-8cea-0322e8331648,67,123.51945416720513,0.0
RESOURCE USAGE,85b93867-7b3c-44d9-8cea-0322e8331648,49,124.08263077092658,32063.742188768854
SYSTEM UTILIZATION,85b93867-7b3c-44d9-8cea-0322e8331648,None,126.10325196169521,88
USER WAIT,85b93867-7b3c-44d9-8cea-0322e8331648,68,126.10325196169521,0.0
RESOURCE USAGE,85b93867-7b3c-44d9-8cea-0322e8331648,56,126.13740472363787,22177.700659867794
RESOURCE USAGE,85b93867-7b3c-44d9-8cea-0322e8331648,53,126.19075186593868,31541.365561437444
RESOURCE USAGE,85b93867-7b3c-44d9-8cea-0322e8331648,44,126.86890166938295,46196.46194172182
SYSTEM UTILIZATION,85b93867-7b3c-44d9-8cea-0322e8331648,None,127.26099083370012,79
USER WAIT,85b93867-7b3c-44d9-8cea-0322e8331648,69,127.26099083370012,0.0
RESOURCE USAGE,85b93867-7b3c-44d9-8cea-0322e8331648,57,127.4315802777803,20192.46822651401
RESOURCE USAGE,85b93867-7b3c-44d9-8cea-0322e8331648,14,128.1087200496016,101226.3999189948
SYSTEM UTILIZATION,85b93867-7b3c-44d9-8cea-0322e8331648,None,129.08622711419017,75
USER WAIT,85b93867-7b3c-44d9-8cea-0322e8331648,70,129.08622711419017,0.0
SYSTEM UTILIZATION,85b93867-7b3c-44d9-8cea-0322e8331648,None,130.8471167108338,79
USER WAIT,85b93867-7b3c-44d9-8cea-0322e8331648,71,130.8471167108338,0.0
RESOURCE USAGE,85b93867-7b3c-44d9-8cea-0322e8331648,43,131.17993133147291,28808.79044109737
SYSTEM UTILIZATION,85b93867-7b3c-44d9-8cea-0322e8331648,None,131.17993133147291,79
USER WAIT,85b93867-7b3c-44d9-8cea-0322e8331648,58,131.17993133147291,23.424518581702188
RESOURCE USAGE,85b93867-7b3c-44d9-8cea-0322e8331648,55,131.67337483876912,34765.49975214903
SYSTEM UTILIZATION,85b93867-7b3c-44d9-8cea-0322e8331648,None,132.35789332963674,79
USER WAIT,85b93867-7b3c-44d9-8cea-0322e8331648,72,132.35789332963674,0.0
SYSTEM UTILIZATION,85b93867-7b3c-44d9-8cea-0322e8331648,None,133.63614104830066,83
USER WAIT,85b93867-7b3c-44d9-8cea-0322e8331648,73,133.63614104830066,0.0
RESOURCE USAGE,85b93867-7b3c-44d9-8cea-0322e8331648,11,136.00962786054774,39474.15130595232
SYSTEM UTILIZATION,85b93867-7b3c-44d9-8cea-0322e8331648,None,136.00962786054774,83
USER WAIT,85b93867-7b3c-44d9-8cea-0322e8331648,62,136.00962786054774,19.629659507234663
RESOURCE USAGE,85b93867-7b3c-44d9-8cea-0322e8331648,46,136.08987681508165,30777.150773629302
SYSTEM UTILIZATION,85b93867-7b3c-44d9-8cea-0322e8331648,None,136.5696662304747,83
USER WAIT,85b93867-7b3c-44d9-8cea-0322e8331648,74,136.5696662304747,0.0
SYSTEM UTILIZATION,85b93867-7b3c-44d9-8cea-0322e8331648,None,137.78498313051043,88
USER WAIT,85b93867-7b3c-44d9-8cea-0322e8331648,75,137.78498313051043,0.0
RESOURCE USAGE,85b93867-7b3c-44d9-8cea-0322e8331648,63,138.59695066611425,20406.974454432584
SYSTEM UTILIZATION,85b93867-7b3c-44d9-8cea-0322e8331648,None,139.38336305512456,88
USER WAIT,85b93867-7b3c-44d9-8cea-0322e8331648,76,139.38336305512456,0.0
RESOURCE USAGE,85b93867-7b3c-44d9-8cea-0322e8331648,25,141.3290236793297,37475.24230803508
RESOURCE USAGE,85b93867-7b3c-44d9-8cea-0322e8331648,28,142.74652655685452,90891.98561770517
RESOURCE USAGE,85b93867-7b3c-44d9-8cea-0322e8331648,67,143.51946455640646,20000.010389201336
RESOURCE USAGE,85b93867-7b3c-44d9-8cea-0322e8331648,65,144.46555691373044,23156.350942702316
RESOURCE USAGE,85b93867-7b3c-44d9-8cea-0322e8331648,60,144.95919601706782,33426.014023180374
RESOURCE USAGE,85b93867-7b3c-44d9-8cea-0322e8331648,68,146.91122301802147,20807.971056326267
RESOURCE USAGE,85b93867-7b3c-44d9-8cea-0322e8331648,69,147.2852546140941,20024.26378039398
USER LOGIN,85b93867-7b3c-44d9-8cea-0322e8331648,None,148.75566909337894,21
SYSTEM UTILIZATION,85b93867-7b3c-44d9-8cea-0322e8331648,None,148.75566909337894,62
USER WAIT,85b93867-7b3c-44d9-8cea-0322e8331648,77,148.75566909337894,0.0
RESOURCE USAGE,85b93867-7b3c-44d9-8cea-0322e8331648,70,149.08665329259836,20000.42617840819
SYSTEM UTILIZATION,85b93867-7b3c-44d9-8cea-0322e8331648,None,150.74150345145583,62
USER WAIT,85b93867-7b3c-44d9-8cea-0322e8331648,78,150.74150345145583,0.0
SYSTEM UTILIZATION,85b93867-7b3c-44d9-8cea-0322e8331648,None,151.90314278832008,67
USER WAIT,85b93867-7b3c-44d9-8cea-0322e8331648,79,151.90314278832008,0.0
RESOURCE USAGE,85b93867-7b3c-44d9-8cea-0322e8331648,58,152.13001361306644,20950.082281593524
SYSTEM UTILIZATION,85b93867-7b3c-44d9-8cea-0322e8331648,None,153.01007755448924,67
USER WAIT,85b93867-7b3c-44d9-8cea-0322e8331648,80,153.01007755448924,0.0
RESOURCE USAGE,85b93867-7b3c-44d9-8cea-0322e8331648,66,154.07246682857294,31564.60265331161
SYSTEM UTILIZATION,85b93867-7b3c-44d9-8cea-0322e8331648,None,155.1736816374554,67
USER WAIT,85b93867-7b3c-44d9-8cea-0322e8331648,81,155.1736816374554,0.0
RESOURCE USAGE,85b93867-7b3c-44d9-8cea-0322e8331648,61,155.47953054641553,42681.418424579686
SYSTEM UTILIZATION,85b93867-7b3c-44d9-8cea-0322e8331648,None,157.4107827990689,67
USER WAIT,85b93867-7b3c-44d9-8cea-0322e8331648,82,157.4107827990689,0.0
RESOURCE USAGE,85b93867-7b3c-44d9-8cea-0322e8331648,75,157.78519337430728,20000.210243796857
SYSTEM UTILIZATION,85b93867-7b3c-44d9-8cea-0322e8331648,None,158.50474978336896,67
USER WAIT,85b93867-7b3c-44d9-8cea-0322e8331648,83,158.50474978336896,0.0
RESOURCE USAGE,85b93867-7b3c-44d9-8cea-0322e8331648,59,158.97626850729134,49108.203234242734
SYSTEM UTILIZATION,85b93867-7b3c-44d9-8cea-0322e8331648,None,160.26456493509895,67
USER WAIT,85b93867-7b3c-44d9-8cea-0322e8331648,84,160.26456493509895,0.0
RESOURCE USAGE,85b93867-7b3c-44d9-8cea-0322e8331648,76,161.9190775287052,22535.71447358064
SYSTEM UTILIZATION,85b93867-7b3c-44d9-8cea-0322e8331648,None,162.37369073374268,67
USER WAIT,85b93867-7b3c-44d9-8cea-0322e8331648,85,162.37369073374268,0.0
RESOURCE USAGE,85b93867-7b3c-44d9-8cea-0322e8331648,62,162.70410722517755,26694.479364629813
SYSTEM UTILIZATION,85b93867-7b3c-44d9-8cea-0322e8331648,None,163.58510308949738,67
USER WAIT,85b93867-7b3c-44d9-8cea-0322e8331648,86,163.58510308949738,0.0
RESOURCE USAGE,85b93867-7b3c-44d9-8cea-0322e8331648,73,164.19649382694774,30560.352778647088
SYSTEM UTILIZATION,85b93867-7b3c-44d9-8cea-0322e8331648,None,165.27190436356264,67
USER WAIT,85b93867-7b3c-44d9-8cea-0322e8331648,87,165.27190436356264,0.0
SYSTEM UTILIZATION,85b93867-7b3c-44d9-8cea-0322e8331648,None,166.68537218773793,71
USER WAIT,85b93867-7b3c-44d9-8cea-0322e8331648,88,166.68537218773793,0.0
SYSTEM UTILIZATION,85b93867-7b3c-44d9-8cea-0322e8331648,None,167.89121521651523,75
USER WAIT,85b93867-7b3c-44d9-8cea-0322e8331648,89,167.89121521651523,0.0
SYSTEM UTILIZATION,85b93867-7b3c-44d9-8cea-0322e8331648,None,169.7478550130377,79
USER WAIT,85b93867-7b3c-44d9-8cea-0322e8331648,90,169.7478550130377,0.0
RESOURCE USAGE,85b93867-7b3c-44d9-8cea-0322e8331648,64,170.30586821867615,50471.86945739017
RESOURCE USAGE,85b93867-7b3c-44d9-8cea-0322e8331648,78,170.74274186872782,20001.23841727199
SYSTEM UTILIZATION,85b93867-7b3c-44d9-8cea-0322e8331648,None,172.04096907771026,75
USER WAIT,85b93867-7b3c-44d9-8cea-0322e8331648,91,172.04096907771026,0.0
RESOURCE USAGE,85b93867-7b3c-44d9-8cea-0322e8331648,79,173.16408981850824,21260.947030188163
SYSTEM UTILIZATION,85b93867-7b3c-44d9-8cea-0322e8331648,None,173.51090438236926,75
USER WAIT,85b93867-7b3c-44d9-8cea-0322e8331648,92,173.51090438236926,0.0
RESOURCE USAGE,85b93867-7b3c-44d9-8cea-0322e8331648,80,174.02695186939454,21016.874314905293
SYSTEM UTILIZATION,85b93867-7b3c-44d9-8cea-0322e8331648,None,174.55328172534274,75
USER WAIT,85b93867-7b3c-44d9-8cea-0322e8331648,93,174.55328172534274,0.0
RESOURCE USAGE,85b93867-7b3c-44d9-8cea-0322e8331648,81,175.30472483810854,20131.043200653152
SYSTEM UTILIZATION,85b93867-7b3c-44d9-8cea-0322e8331648,None,175.9767469939689,75
USER WAIT,85b93867-7b3c-44d9-8cea-0322e8331648,94,175.9767469939689,0.0
RESOURCE USAGE,85b93867-7b3c-44d9-8cea-0322e8331648,74,176.75031312514892,40180.646894674224
RESOURCE USAGE,85b93867-7b3c-44d9-8cea-0322e8331648,77,177.2760774593775,28520.408365998548
RESOURCE USAGE,85b93867-7b3c-44d9-8cea-0322e8331648,82,177.43732332564716,20026.540526578257
SYSTEM UTILIZATION,85b93867-7b3c-44d9-8cea-0322e8331648,None,177.5894702419538,67
USER WAIT,85b93867-7b3c-44d9-8cea-0322e8331648,95,177.5894702419538,0.0
RESOURCE USAGE,85b93867-7b3c-44d9-8cea-0322e8331648,83,178.5379644825872,20033.214699218235
SYSTEM UTILIZATION,85b93867-7b3c-44d9-8cea-0322e8331648,None,178.64124141642995,67
USER WAIT,85b93867-7b3c-44d9-8cea-0322e8331648,96,178.64124141642995,0.0
SYSTEM UTILIZATION,85b93867-7b3c-44d9-8cea-0322e8331648,None,179.87220815760523,71
USER WAIT,85b93867-7b3c-44d9-8cea-0322e8331648,97,179.87220815760523,0.0
RESOURCE USAGE,85b93867-7b3c-44d9-8cea-0322e8331648,84,180.38697929686165,20122.41436176271
USER LOGIN,85b93867-7b3c-44d9-8cea-0322e8331648,None,181.71236545962736,15
SYSTEM UTILIZATION,85b93867-7b3c-44d9-8cea-0322e8331648,None,181.71236545962736,71
USER WAIT,85b93867-7b3c-44d9-8cea-0322e8331648,98,181.71236545962736,0.0
RESOURCE USAGE,85b93867-7b3c-44d9-8cea-0322e8331648,86,183.60032545267242,20015.222363175042
SYSTEM UTILIZATION,85b93867-7b3c-44d9-8cea-0322e8331648,None,186.31299962470342,71
USER WAIT,85b93867-7b3c-44d9-8cea-0322e8331648,99,186.31299962470342,0.0
RESOURCE USAGE,85b93867-7b3c-44d9-8cea-0322e8331648,72,186.668402521159,54310.50919152227
RESOURCE USAGE,85b93867-7b3c-44d9-8cea-0322e8331648,88,186.6858671234446,20000.494935706683
RESOURCE USAGE,85b93867-7b3c-44d9-8cea-0322e8331648,85,187.32050991971917,24946.819185976496
SYSTEM UTILIZATION,85b93867-7b3c-44d9-8cea-0322e8331648,None,187.63329938636187,62
USER WAIT,85b93867-7b3c-44d9-8cea-0322e8331648,100,187.63329938636187,0.0
SYSTEM UTILIZATION,85b93867-7b3c-44d9-8cea-0322e8331648,None,188.7471402634172,67
USER WAIT,85b93867-7b3c-44d9-8cea-0322e8331648,101,188.7471402634172,0.0
SYSTEM UTILIZATION,85b93867-7b3c-44d9-8cea-0322e8331648,None,190.0607864720337,71
USER WAIT,85b93867-7b3c-44d9-8cea-0322e8331648,102,190.0607864720337,0.0
RESOURCE USAGE,85b93867-7b3c-44d9-8cea-0322e8331648,89,191.5751083116889,23683.89309517366
SYSTEM UTILIZATION,85b93867-7b3c-44d9-8cea-0322e8331648,None,191.60916423930968,71
USER WAIT,85b93867-7b3c-44d9-8cea-0322e8331648,103,191.60916423930968,0.0
RESOURCE USAGE,85b93867-7b3c-44d9-8cea-0322e8331648,90,192.77269234754579,23024.837334508076
SYSTEM UTILIZATION,85b93867-7b3c-44d9-8cea-0322e8331648,None,192.81067804679103,71
USER WAIT,85b93867-7b3c-44d9-8cea-0322e8331648,104,192.81067804679103,0.0
RESOURCE USAGE,85b93867-7b3c-44d9-8cea-0322e8331648,92,193.51408255527903,20003.17817290977
RESOURCE USAGE,85b93867-7b3c-44d9-8cea-0322e8331648,91,193.70032414775446,21659.3550700442
SYSTEM UTILIZATION,85b93867-7b3c-44d9-8cea-0322e8331648,None,193.9649659642824,67
USER WAIT,85b93867-7b3c-44d9-8cea-0322e8331648,105,193.9649659642824,0.0
RESOURCE USAGE,85b93867-7b3c-44d9-8cea-0322e8331648,94,195.97776125507312,20001.014261104217
RESOURCE USAGE,85b93867-7b3c-44d9-8cea-0322e8331648,93,196.00246831488428,21449.18658954154
SYSTEM UTILIZATION,85b93867-7b3c-44d9-8cea-0322e8331648,None,196.73244729298068,62
USER WAIT,85b93867-7b3c-44d9-8cea-0322e8331648,106,196.73244729298068,0.0
SYSTEM UTILIZATION,85b93867-7b3c-44d9-8cea-0322e8331648,None,198.03906052590122,67
USER WAIT,85b93867-7b3c-44d9-8cea-0322e8331648,107,198.03906052590122,0.0
SYSTEM UTILIZATION,85b93867-7b3c-44d9-8cea-0322e8331648,None,200.0077955072574,71
USER WAIT,85b93867-7b3c-44d9-8cea-0322e8331648,108,200.0077955072574,0.0
RESOURCE USAGE,85b93867-7b3c-44d9-8cea-0322e8331648,96,200.5221184292558,21880.877012825862
SYSTEM UTILIZATION,85b93867-7b3c-44d9-8cea-0322e8331648,None,202.0350364722846,71
USER WAIT,85b93867-7b3c-44d9-8cea-0322e8331648,109,202.0350364722846,0.0
RESOURCE USAGE,85b93867-7b3c-44d9-8cea-0322e8331648,95,202.08749776409616,24498.027522142365
SYSTEM UTILIZATION,85b93867-7b3c-44d9-8cea-0322e8331648,None,203.47100380896956,71
USER WAIT,85b93867-7b3c-44d9-8cea-0322e8331648,110,203.47100380896956,0.0
SYSTEM UTILIZATION,85b93867-7b3c-44d9-8cea-0322e8331648,None,205.23386466401453,75
USER WAIT,85b93867-7b3c-44d9-8cea-0322e8331648,111,205.23386466401453,0.0
SYSTEM UTILIZATION,85b93867-7b3c-44d9-8cea-0322e8331648,None,206.53232861818717,79
USER WAIT,85b93867-7b3c-44d9-8cea-0322e8331648,112,206.53232861818717,0.0
RESOURCE USAGE,85b93867-7b3c-44d9-8cea-0322e8331648,98,207.38139163914295,25669.026179515582
RESOURCE USAGE,85b93867-7b3c-44d9-8cea-0322e8331648,100,207.64545548640245,20012.156100040585
RESOURCE USAGE,85b93867-7b3c-44d9-8cea-0322e8331648,99,208.04275460675285,21729.754982049428
RESOURCE USAGE,85b93867-7b3c-44d9-8cea-0322e8331648,102,210.1172172398971,20056.43076786339
USER LOGIN,85b93867-7b3c-44d9-8cea-0322e8331648,None,212.90018837947883,16
SYSTEM UTILIZATION,85b93867-7b3c-44d9-8cea-0322e8331648,None,212.90018837947883,67
USER WAIT,85b93867-7b3c-44d9-8cea-0322e8331648,113,212.90018837947883,0.0
RESOURCE USAGE,85b93867-7b3c-44d9-8cea-0322e8331648,104,213.09837831342543,20287.7002666344
SYSTEM UTILIZATION,85b93867-7b3c-44d9-8cea-0322e8331648,None,214.90467675039298,67
USER WAIT,85b93867-7b3c-44d9-8cea-0322e8331648,114,214.90467675039298,0.0
RESOURCE USAGE,85b93867-7b3c-44d9-8cea-0322e8331648,105,215.0286818797924,21063.715915509987
RESOURCE USAGE,85b93867-7b3c-44d9-8cea-0322e8331648,107,218.04231099350233,20003.250467601105
RESOURCE USAGE,85b93867-7b3c-44d9-8cea-0322e8331648,87,218.11534400326303,52843.439639700395
SYSTEM UTILIZATION,85b93867-7b3c-44d9-8cea-0322e8331648,None,218.23458376429843,58
USER WAIT,85b93867-7b3c-44d9-8cea-0322e8331648,115,218.23458376429843,0.0
RESOURCE USAGE,85b93867-7b3c-44d9-8cea-0322e8331648,97,219.63776923703387,39765.56107942863
SYSTEM UTILIZATION,85b93867-7b3c-44d9-8cea-0322e8331648,None,219.74250894597932,58
USER WAIT,85b93867-7b3c-44d9-8cea-0322e8331648,116,219.74250894597932,0.0
SYSTEM UTILIZATION,85b93867-7b3c-44d9-8cea-0322e8331648,None,221.80745300697765,62
USER WAIT,85b93867-7b3c-44d9-8cea-0322e8331648,117,221.80745300697765,0.0
SYSTEM UTILIZATION,85b93867-7b3c-44d9-8cea-0322e8331648,None,223.23377751918565,67
USER WAIT,85b93867-7b3c-44d9-8cea-0322e8331648,118,223.23377751918565,0.0
SYSTEM UTILIZATION,85b93867-7b3c-44d9-8cea-0322e8331648,None,224.468071811033,71
USER WAIT,85b93867-7b3c-44d9-8cea-0322e8331648,119,224.468071811033,0.0
RESOURCE USAGE,85b93867-7b3c-44d9-8cea-0322e8331648,111,225.27419933006044,20040.334666045906
RESOURCE USAGE,85b93867-7b3c-44d9-8cea-0322e8331648,110,225.5163131249149,22045.30931594533
RESOURCE USAGE,85b93867-7b3c-44d9-8cea-0322e8331648,109,226.52392463575273,24488.888163468146
SYSTEM UTILIZATION,85b93867-7b3c-44d9-8cea-0322e8331648,None,226.55559978249687,62
USER WAIT,85b93867-7b3c-44d9-8cea-0322e8331648,120,226.55559978249687,0.0
SYSTEM UTILIZATION,85b93867-7b3c-44d9-8cea-0322e8331648,None,227.60462953866306,67
USER WAIT,85b93867-7b3c-44d9-8cea-0322e8331648,121,227.60462953866306,0.0
SYSTEM UTILIZATION,85b93867-7b3c-44d9-8cea-0322e8331648,None,229.1352197578252,71
USER WAIT,85b93867-7b3c-44d9-8cea-0322e8331648,122,229.1352197578252,0.0
SYSTEM UTILIZATION,85b93867-7b3c-44d9-8cea-0322e8331648,None,230.42889010540043,75
USER WAIT,85b93867-7b3c-44d9-8cea-0322e8331648,123,230.42889010540043,0.0
SYSTEM UTILIZATION,85b93867-7b3c-44d9-8cea-0322e8331648,None,231.49208912941157,79
USER WAIT,85b93867-7b3c-44d9-8cea-0322e8331648,124,231.49208912941157,0.0
SYSTEM UTILIZATION,85b93867-7b3c-44d9-8cea-0322e8331648,None,232.50646428707077,83
USER WAIT,85b93867-7b3c-44d9-8cea-0322e8331648,125,232.50646428707077,0.0
SYSTEM UTILIZATION,85b93867-7b3c-44d9-8cea-0322e8331648,None,234.8418377308623,88
USER WAIT,85b93867-7b3c-44d9-8cea-0322e8331648,126,234.8418377308623,0.0
RESOURCE USAGE,85b93867-7b3c-44d9-8cea-0322e8331648,113,234.9742751787567,22074.086799277866
SYSTEM UTILIZATION,85b93867-7b3c-44d9-8cea-0322e8331648,None,236.25898545233238,88
USER WAIT,85b93867-7b3c-44d9-8cea-0322e8331648,127,236.25898545233238,0.0
SYSTEM UTILIZATION,85b93867-7b3c-44d9-8cea-0322e8331648,None,237.5272354191067,92
USER WAIT,85b93867-7b3c-44d9-8cea-0322e8331648,128,237.5272354191067,0.0
RESOURCE USAGE,85b93867-7b3c-44d9-8cea-0322e8331648,114,237.83681033177757,22932.13358138459
RESOURCE USAGE,85b93867-7b3c-44d9-8cea-0322e8331648,116,240.73219175380183,20989.682807822504
USER LOGIN,85b93867-7b3c-44d9-8cea-0322e8331648,None,240.900774930115,18
SYSTEM UTILIZATION,85b93867-7b3c-44d9-8cea-0322e8331648,None,240.900774930115,88
USER WAIT,85b93867-7b3c-44d9-8cea-0322e8331648,129,240.900774930115,0.0
SYSTEM UTILIZATION,85b93867-7b3c-44d9-8cea-0322e8331648,None,242.25676035883657,92
USER WAIT,85b93867-7b3c-44d9-8cea-0322e8331648,130,242.25676035883657,0.0
SYSTEM UTILIZATION,85b93867-7b3c-44d9-8cea-0322e8331648,None,243.7482391586484,96
USER WAIT,85b93867-7b3c-44d9-8cea-0322e8331648,131,243.7482391586484,0.0
SYSTEM UTILIZATION,85b93867-7b3c-44d9-8cea-0322e8331648,None,244.7771756208966,100
USER WAIT,85b93867-7b3c-44d9-8cea-0322e8331648,132,244.7771756208966,0.0
RESOURCE USAGE,85b93867-7b3c-44d9-8cea-0322e8331648,120,247.35008059333714,20794.48081084027
SYSTEM UTILIZATION,85b93867-7b3c-44d9-8cea-0322e8331648,None,247.5123252661916,100
USER WAIT,85b93867-7b3c-44d9-8cea-0322e8331648,134,247.5123252661916,0.0
RESOURCE USAGE,85b93867-7b3c-44d9-8cea-0322e8331648,119,248.4146789298618,23946.60711882878
RESOURCE USAGE,85b93867-7b3c-44d9-8cea-0322e8331648,122,249.21677547777966,20081.555719954453
SYSTEM UTILIZATION,85b93867-7b3c-44d9-8cea-0322e8331648,None,249.5763170441907,96
USER WAIT,85b93867-7b3c-44d9-8cea-0322e8331648,135,249.5763170441907,0.0
SYSTEM UTILIZATION,85b93867-7b3c-44d9-8cea-0322e8331648,None,250.84025701364223,100
USER WAIT,85b93867-7b3c-44d9-8cea-0322e8331648,136,250.84025701364223,0.0
RESOURCE USAGE,85b93867-7b3c-44d9-8cea-0322e8331648,117,251.7636285556823,29956.175548704636
SYSTEM UTILIZATION,85b93867-7b3c-44d9-8cea-0322e8331648,None,251.98492513006548,100
USER WAIT,85b93867-7b3c-44d9-8cea-0322e8331648,137,251.98492513006548,0.0
RESOURCE USAGE,85b93867-7b3c-44d9-8cea-0322e8331648,121,252.13707293270903,24532.44339404597
SYSTEM UTILIZATION,85b93867-7b3c-44d9-8cea-0322e8331648,None,253.28567502414018,100
USER WAIT,85b93867-7b3c-44d9-8cea-0322e8331648,138,253.28567502414018,0.0
RESOURCE USAGE,85b93867-7b3c-44d9-8cea-0322e8331648,115,254.02145855083415,35786.87478653572
SYSTEM UTILIZATION,85b93867-7b3c-44d9-8cea-0322e8331648,None,254.6271782679999,100
USER WAIT,85b93867-7b3c-44d9-8cea-0322e8331648,139,254.6271782679999,0.0
RESOURCE USAGE,85b93867-7b3c-44d9-8cea-0322e8331648,124,255.29553028741108,23803.441157999514
RESOURCE USAGE,85b93867-7b3c-44d9-8cea-0322e8331648,123,256.50934560826255,26080.45550286212
SYSTEM UTILIZATION,85b93867-7b3c-44d9-8cea-0322e8331648,None,257.0141550610232,96
USER WAIT,85b93867-7b3c-44d9-8cea-0322e8331648,140,257.0141550610232,0.0
RESOURCE USAGE,85b93867-7b3c-44d9-8cea-0322e8331648,128,257.6153508450666,20088.1154259599
RESOURCE COUNT,85b93867-7b3c-44d9-8cea-0322e8331648,None,258.32609080412396,25
RESOURCE USAGE,85b93867-7b3c-44d9-8cea-0322e8331648,125,258.44509887898846,25938.63459191769
SYSTEM UTILIZATION,85b93867-7b3c-44d9-8cea-0322e8331648,None,259.26271310134075,88
USER WAIT,85b93867-7b3c-44d9-8cea-0322e8331648,141,259.26271310134075,0.0
SYSTEM UTILIZATION,85b93867-7b3c-44d9-8cea-0322e8331648,None,260.5213714367623,92
USER WAIT,85b93867-7b3c-44d9-8cea-0322e8331648,142,260.5213714367623,0.0
RESOURCE USAGE,85b93867-7b3c-44d9-8cea-0322e8331648,129,260.9255903777771,20024.81544766209
SYSTEM UTILIZATION,85b93867-7b3c-44d9-8cea-0322e8331648,None,261.6676530397951,92
USER WAIT,85b93867-7b3c-44d9-8cea-0322e8331648,143,261.6676530397951,0.0
SYSTEM UTILIZATION,85b93867-7b3c-44d9-8cea-0322e8331648,None,262.7361801002369,96
USER WAIT,85b93867-7b3c-44d9-8cea-0322e8331648,144,262.7361801002369,0.0
RESOURCE USAGE,85b93867-7b3c-44d9-8cea-0322e8331648,130,263.7812481429309,21524.487784094334
SYSTEM UTILIZATION,85b93867-7b3c-44d9-8cea-0322e8331648,None,264.641556124852,96
USER WAIT,85b93867-7b3c-44d9-8cea-0322e8331648,145,264.641556124852,0.0
RESOURCE USAGE,85b93867-7b3c-44d9-8cea-0322e8331648,132,265.80243680470676,21025.26118381016
SYSTEM UTILIZATION,85b93867-7b3c-44d9-8cea-0322e8331648,None,265.93745766240943,96
USER WAIT,85b93867-7b3c-44d9-8cea-0322e8331648,146,265.93745766240943,0.0
RESOURCE USAGE,85b93867-7b3c-44d9-8cea-0322e8331648,126,266.77632254512224,31934.484814259948
RESOURCE USAGE,85b93867-7b3c-44d9-8cea-0322e8331648,131,270.05039285995434,26302.15370130594
USER LOGIN,85b93867-7b3c-44d9-8cea-0322e8331648,None,274.4500087277548,24
SYSTEM UTILIZATION,85b93867-7b3c-44d9-8cea-0322e8331648,None,274.4500087277548,92
USER WAIT,85b93867-7b3c-44d9-8cea-0322e8331648,147,274.4500087277548,0.0
SYSTEM UTILIZATION,85b93867-7b3c-44d9-8cea-0322e8331648,None,275.57271557143065,96
USER WAIT,85b93867-7b3c-44d9-8cea-0322e8331648,148,275.57271557143065,0.0
SYSTEM UTILIZATION,85b93867-7b3c-44d9-8cea-0322e8331648,None,278.0044747100867,100
USER WAIT,85b93867-7b3c-44d9-8cea-0322e8331648,149,278.0044747100867,0.0
RESOURCE USAGE,85b93867-7b3c-44d9-8cea-0322e8331648,103,278.65397319274,87044.80895343033
SYSTEM UTILIZATION,85b93867-7b3c-44d9-8cea-0322e8331648,None,279.1508409554558,100
USER WAIT,85b93867-7b3c-44d9-8cea-0322e8331648,150,279.1508409554558,0.0
RESOURCE USAGE,85b93867-7b3c-44d9-8cea-0322e8331648,112,280.27461285328206,73742.2842350949
RESOURCE USAGE,85b93867-7b3c-44d9-8cea-0322e8331648,142,280.88563803084304,20364.26659408073
RESOURCE USAGE,85b93867-7b3c-44d9-8cea-0322e8331648,108,281.30409541187015,81296.29990461274
SYSTEM UTILIZATION,85b93867-7b3c-44d9-8cea-0322e8331648,None,281.7614336749461,92
USER WAIT,85b93867-7b3c-44d9-8cea-0322e8331648,152,281.7614336749461,0.0
RESOURCE USAGE,85b93867-7b3c-44d9-8cea-0322e8331648,143,281.80726909185034,20139.61605205526
RESOURCE USAGE,85b93867-7b3c-44d9-8cea-0322e8331648,137,283.5925841742979,31607.659044232405
RESOURCE USAGE,85b93867-7b3c-44d9-8cea-0322e8331648,127,284.0348712683759,47775.88581604354
SYSTEM UTILIZATION,85b93867-7b3c-44d9-8cea-0322e8331648,None,284.3394639003068,84
USER WAIT,85b93867-7b3c-44d9-8cea-0322e8331648,153,284.3394639003068,0.0
RESOURCE USAGE,85b93867-7b3c-44d9-8cea-0322e8331648,118,285.1629264486987,61929.148929513074
SYSTEM UTILIZATION,85b93867-7b3c-44d9-8cea-0322e8331648,None,285.22499038849395,84
USER WAIT,85b93867-7b3c-44d9-8cea-0322e8331648,151,285.22499038849395,5.0
SYSTEM UTILIZATION,85b93867-7b3c-44d9-8cea-0322e8331648,None,285.7388022748767,88
USER WAIT,85b93867-7b3c-44d9-8cea-0322e8331648,154,285.7388022748767,0.0
RESOURCE USAGE,85b93867-7b3c-44d9-8cea-0322e8331648,138,285.8467762638086,32561.101239668402
SYSTEM UTILIZATION,85b93867-7b3c-44d9-8cea-0322e8331648,None,288.87880453811846,88
USER WAIT,85b93867-7b3c-44d9-8cea-0322e8331648,155,288.87880453811846,0.0
RESOURCE USAGE,85b93867-7b3c-44d9-8cea-0322e8331648,134,289.70559528419636,42193.27001800477
SYSTEM UTILIZATION,85b93867-7b3c-44d9-8cea-0322e8331648,None,289.8922878220363,88
USER WAIT,85b93867-7b3c-44d9-8cea-0322e8331648,156,289.8922878220363,0.0
RESOURCE USAGE,85b93867-7b3c-44d9-8cea-0322e8331648,145,290.0641491300256,25422.59300517361
SYSTEM UTILIZATION,85b93867-7b3c-44d9-8cea-0322e8331648,None,291.03050763235126,88
USER WAIT,85b93867-7b3c-44d9-8cea-0322e8331648,157,291.03050763235126,0.0
SYSTEM UTILIZATION,85b93867-7b3c-44d9-8cea-0322e8331648,None,292.4145807651149,92
USER WAIT,85b93867-7b3c-44d9-8cea-0322e8331648,158,292.4145807651149,0.0
SYSTEM UTILIZATION,85b93867-7b3c-44d9-8cea-0322e8331648,None,293.4869761111546,96
USER WAIT,85b93867-7b3c-44d9-8cea-0322e8331648,159,293.4869761111546,0.0
SYSTEM UTILIZATION,85b93867-7b3c-44d9-8cea-0322e8331648,None,295.3039028311668,100
USER WAIT,85b93867-7b3c-44d9-8cea-0322e8331648,160,295.3039028311668,0.0
RESOURCE USAGE,85b93867-7b3c-44d9-8cea-0322e8331648,148,297.95973936396416,22387.023792533513
RESOURCE USAGE,85b93867-7b3c-44d9-8cea-0322e8331648,149,298.0334583177161,20028.983607629412
RESOURCE USAGE,85b93867-7b3c-44d9-8cea-0322e8331648,140,298.42960604495727,41415.450983934075
SYSTEM UTILIZATION,85b93867-7b3c-44d9-8cea-0322e8331648,None,299.14213187455573,92
USER WAIT,85b93867-7b3c-44d9-8cea-0322e8331648,162,299.14213187455573,0.0
SYSTEM UTILIZATION,85b93867-7b3c-44d9-8cea-0322e8331648,None,300.1646515843766,96
USER WAIT,85b93867-7b3c-44d9-8cea-0322e8331648,163,300.1646515843766,0.0
SYSTEM UTILIZATION,85b93867-7b3c-44d9-8cea-0322e8331648,None,301.6816914983991,100
USER WAIT,85b93867-7b3c-44d9-8cea-0322e8331648,161,301.6816914983991,4.0
RESOURCE USAGE,85b93867-7b3c-44d9-8cea-0322e8331648,150,303.1440436724379,23993.20271698207
SYSTEM UTILIZATION,85b93867-7b3c-44d9-8cea-0322e8331648,None,303.2170912309225,100
USER WAIT,85b93867-7b3c-44d9-8cea-0322e8331648,165,303.2170912309225,0.0
RESOURCE USAGE,85b93867-7b3c-44d9-8cea-0322e8331648,141,303.87194511465293,44609.23201331218
RESOURCE USAGE,85b93867-7b3c-44d9-8cea-0322e8331648,153,304.3765916024494,20037.12770214264
SYSTEM UTILIZATION,85b93867-7b3c-44d9-8cea-0322e8331648,None,305.5652684080835,96
USER WAIT,85b93867-7b3c-44d9-8cea-0322e8331648,166,305.5652684080835,0.0
SYSTEM UTILIZATION,85b93867-7b3c-44d9-8cea-0322e8331648,None,305.7876406600626,100
USER WAIT,85b93867-7b3c-44d9-8cea-0322e8331648,164,305.7876406600626,4.0
RESOURCE USAGE,85b93867-7b3c-44d9-8cea-0322e8331648,139,306.85529224446964,52228.11397646973
RESOURCE USAGE,85b93867-7b3c-44d9-8cea-0322e8331648,156,310.78190487442646,20889.61705239018
SYSTEM UTILIZATION,85b93867-7b3c-44d9-8cea-0322e8331648,None,310.9232412286421,96
USER WAIT,85b93867-7b3c-44d9-8cea-0322e8331648,168,310.9232412286421,0.0
SYSTEM UTILIZATION,85b93867-7b3c-44d9-8cea-0322e8331648,None,312.12489992531846,100
USER WAIT,85b93867-7b3c-44d9-8cea-0322e8331648,169,312.12489992531846,0.0
RESOURCE USAGE,85b93867-7b3c-44d9-8cea-0322e8331648,154,314.2224683413421,28483.66606646539
SYSTEM UTILIZATION,85b93867-7b3c-44d9-8cea-0322e8331648,None,314.67385586708133,100
USER WAIT,85b93867-7b3c-44d9-8cea-0322e8331648,170,314.67385586708133,0.0
RESOURCE USAGE,85b93867-7b3c-44d9-8cea-0322e8331648,152,315.1416476461559,33380.2139712098
RESOURCE USAGE,85b93867-7b3c-44d9-8cea-0322e8331648,151,315.6013345313819,30376.344142887945
RESOURCE USAGE,85b93867-7b3c-44d9-8cea-0322e8331648,158,316.06713826809175,23652.557502976833
RESOURCE COUNT,85b93867-7b3c-44d9-8cea-0322e8331648,None,317.61088898305286,26
RESOURCE USAGE,85b93867-7b3c-44d9-8cea-0322e8331648,160,318.94050275281745,23636.599921650657
RESOURCE USAGE,85b93867-7b3c-44d9-8cea-0322e8331648,155,320.06038636028956,31181.581822171098
RESOURCE USAGE,85b93867-7b3c-44d9-8cea-0322e8331648,163,320.165508355079,20000.856770702398
RESOURCE USAGE,85b93867-7b3c-44d9-8cea-0322e8331648,135,322.20375449195933,72627.43744776864
RESOURCE USAGE,85b93867-7b3c-44d9-8cea-0322e8331648,165,323.2171014067984,20000.0101758759
USER LOGIN,85b93867-7b3c-44d9-8cea-0322e8331648,None,323.2763999260129,23
SYSTEM UTILIZATION,85b93867-7b3c-44d9-8cea-0322e8331648,None,323.2763999260129,69
USER WAIT,85b93867-7b3c-44d9-8cea-0322e8331648,171,323.2763999260129,0.0
SYSTEM UTILIZATION,85b93867-7b3c-44d9-8cea-0322e8331648,None,324.74200668464425,73
USER WAIT,85b93867-7b3c-44d9-8cea-0322e8331648,172,324.74200668464425,0.0
RESOURCE USAGE,85b93867-7b3c-44d9-8cea-0322e8331648,136,324.7977885477759,73957.53153413367
SYSTEM UTILIZATION,85b93867-7b3c-44d9-8cea-0322e8331648,None,326.5585035436307,73
USER WAIT,85b93867-7b3c-44d9-8cea-0322e8331648,173,326.5585035436307,0.0
RESOURCE USAGE,85b93867-7b3c-44d9-8cea-0322e8331648,161,328.40291271035426,26721.22121195514
SYSTEM UTILIZATION,85b93867-7b3c-44d9-8cea-0322e8331648,None,328.5027704724937,73
USER WAIT,85b93867-7b3c-44d9-8cea-0322e8331648,174,328.5027704724937,0.0
SYSTEM UTILIZATION,85b93867-7b3c-44d9-8cea-0322e8331648,None,329.56274351394165,77
USER WAIT,85b93867-7b3c-44d9-8cea-0322e8331648,175,329.56274351394165,0.0
SYSTEM UTILIZATION,85b93867-7b3c-44d9-8cea-0322e8331648,None,330.82466176684915,81
USER WAIT,85b93867-7b3c-44d9-8cea-0322e8331648,176,330.82466176684915,0.0
RESOURCE USAGE,85b93867-7b3c-44d9-8cea-0322e8331648,159,331.9529639615305,38465.98785037588
SYSTEM UTILIZATION,85b93867-7b3c-44d9-8cea-0322e8331648,None,332.03641427393086,81
USER WAIT,85b93867-7b3c-44d9-8cea-0322e8331648,177,332.03641427393086,0.0
SYSTEM UTILIZATION,85b93867-7b3c-44d9-8cea-0322e8331648,None,333.1506834347827,85
USER WAIT,85b93867-7b3c-44d9-8cea-0322e8331648,178,333.1506834347827,0.0
SYSTEM UTILIZATION,85b93867-7b3c-44d9-8cea-0322e8331648,None,334.2409024848687,88
USER WAIT,85b93867-7b3c-44d9-8cea-0322e8331648,179,334.2409024848687,0.0
RESOURCE USAGE,85b93867-7b3c-44d9-8cea-0322e8331648,170,334.67423499299616,20000.379125914835
RESOURCE USAGE,85b93867-7b3c-44d9-8cea-0322e8331648,168,335.1688757794133,24245.63455077123
SYSTEM UTILIZATION,85b93867-7b3c-44d9-8cea-0322e8331648,None,335.32699512279993,85
USER WAIT,85b93867-7b3c-44d9-8cea-0322e8331648,180,335.32699512279993,0.0
SYSTEM UTILIZATION,85b93867-7b3c-44d9-8cea-0322e8331648,None,336.67644801079103,88
USER WAIT,85b93867-7b3c-44d9-8cea-0322e8331648,181,336.67644801079103,0.0
SYSTEM UTILIZATION,85b93867-7b3c-44d9-8cea-0322e8331648,None,338.83058392926137,92
USER WAIT,85b93867-7b3c-44d9-8cea-0322e8331648,182,338.83058392926137,0.0
RESOURCE USAGE,85b93867-7b3c-44d9-8cea-0322e8331648,164,340.11321009797473,34325.56943791212
SYSTEM UTILIZATION,85b93867-7b3c-44d9-8cea-0322e8331648,None,341.86584513512565,92
USER WAIT,85b93867-7b3c-44d9-8cea-0322e8331648,183,341.86584513512565,0.0
SYSTEM UTILIZATION,85b93867-7b3c-44d9-8cea-0322e8331648,None,344.120773662574,96
USER WAIT,85b93867-7b3c-44d9-8cea-0322e8331648,184,344.120773662574,0.0
SYSTEM UTILIZATION,85b93867-7b3c-44d9-8cea-0322e8331648,None,345.2898413158326,100
USER WAIT,85b93867-7b3c-44d9-8cea-0322e8331648,185,345.2898413158326,0.0
RESOURCE USAGE,85b93867-7b3c-44d9-8cea-0322e8331648,171,347.48938971145685,24212.989785443937
SYSTEM UTILIZATION,85b93867-7b3c-44d9-8cea-0322e8331648,None,348.2447680558264,100
USER WAIT,85b93867-7b3c-44d9-8cea-0322e8331648,187,348.2447680558264,0.0
RESOURCE USAGE,85b93867-7b3c-44d9-8cea-0322e8331648,37,350.00471584486894,277870.9241490766
RESOURCE USAGE,85b93867-7b3c-44d9-8cea-0322e8331648,147,350.41511023616334,75965.10150840857
RESOURCE USAGE,85b93867-7b3c-44d9-8cea-0322e8331648,169,350.6463532238885,38521.453298570064
SYSTEM UTILIZATION,85b93867-7b3c-44d9-8cea-0322e8331648,None,350.7918951652045,92
USER WAIT,85b93867-7b3c-44d9-8cea-0322e8331648,188,350.7918951652045,0.0
SYSTEM UTILIZATION,85b93867-7b3c-44d9-8cea-0322e8331648,None,352.05473846726886,96
USER WAIT,85b93867-7b3c-44d9-8cea-0322e8331648,186,352.05473846726886,5.0
SYSTEM UTILIZATION,85b93867-7b3c-44d9-8cea-0322e8331648,None,352.73651531806314,100
USER WAIT,85b93867-7b3c-44d9-8cea-0322e8331648,189,352.73651531806314,0.0
RESOURCE USAGE,85b93867-7b3c-44d9-8cea-0322e8331648,178,354.04927772608494,20898.59429130223
RESOURCE USAGE,85b93867-7b3c-44d9-8cea-0322e8331648,177,354.6371798661637,22600.76559223285
SYSTEM UTILIZATION,85b93867-7b3c-44d9-8cea-0322e8331648,None,355.3406035104645,96
USER WAIT,85b93867-7b3c-44d9-8cea-0322e8331648,191,355.3406035104645,0.0
RESOURCE USAGE,85b93867-7b3c-44d9-8cea-0322e8331648,179,355.71714905203964,21476.24656717096
SYSTEM UTILIZATION,85b93867-7b3c-44d9-8cea-0322e8331648,None,356.49233959144715,96
USER WAIT,85b93867-7b3c-44d9-8cea-0322e8331648,192,356.49233959144715,0.0
SYSTEM UTILIZATION,85b93867-7b3c-44d9-8cea-0322e8331648,None,358.27821311824846,100
USER WAIT,85b93867-7b3c-44d9-8cea-0322e8331648,193,358.27821311824846,0.0
RESOURCE USAGE,85b93867-7b3c-44d9-8cea-0322e8331648,173,358.4244516180739,31865.948074443168
SYSTEM UTILIZATION,85b93867-7b3c-44d9-8cea-0322e8331648,None,358.7907958634567,100
USER WAIT,85b93867-7b3c-44d9-8cea-0322e8331648,190,358.7907958634567,5.0
RESOURCE USAGE,85b93867-7b3c-44d9-8cea-0322e8331648,162,359.724720339552,60582.58846499626
RESOURCE USAGE,85b93867-7b3c-44d9-8cea-0322e8331648,176,361.0233323002034,30198.67053335423
USER LOGIN,85b93867-7b3c-44d9-8cea-0322e8331648,None,361.4071232808,7
SYSTEM UTILIZATION,85b93867-7b3c-44d9-8cea-0322e8331648,None,361.4071232808,96
USER WAIT,85b93867-7b3c-44d9-8cea-0322e8331648,194,361.4071232808,0.0
SYSTEM UTILIZATION,85b93867-7b3c-44d9-8cea-0322e8331648,None,362.4223116974925,100
USER WAIT,85b93867-7b3c-44d9-8cea-0322e8331648,195,362.4223116974925,0.0
RESOURCE USAGE,85b93867-7b3c-44d9-8cea-0322e8331648,184,364.5623547678093,20441.581105235342
SYSTEM UTILIZATION,85b93867-7b3c-44d9-8cea-0322e8331648,None,364.7456164193865,100
USER WAIT,85b93867-7b3c-44d9-8cea-0322e8331648,197,364.7456164193865,0.0
RESOURCE USAGE,85b93867-7b3c-44d9-8cea-0322e8331648,181,364.7482583543746,28071.810343583595
SYSTEM UTILIZATION,85b93867-7b3c-44d9-8cea-0322e8331648,None,366.7740460875861,100
USER WAIT,85b93867-7b3c-44d9-8cea-0322e8331648,198,366.7740460875861,0.0
RESOURCE USAGE,85b93867-7b3c-44d9-8cea-0322e8331648,187,369.11115667098125,20866.388615154847
RESOURCE USAGE,85b93867-7b3c-44d9-8cea-0322e8331648,180,369.20839821491467,33881.403092114735
SYSTEM UTILIZATION,85b93867-7b3c-44d9-8cea-0322e8331648,None,369.20839821491467,96
USER WAIT,85b93867-7b3c-44d9-8cea-0322e8331648,196,369.20839821491467,5.657135452035675
SYSTEM UTILIZATION,85b93867-7b3c-44d9-8cea-0322e8331648,None,369.25744903272437,100
USER WAIT,85b93867-7b3c-44d9-8cea-0322e8331648,200,369.25744903272437,0.0
